Command line invocation:
    /Applications/Xcode.app/Contents/Developer/usr/bin/xcodebuild -project platform/apple/Aetherfield.xcodeproj -scheme AetherfieldHost -configuration Release -destination generic/platform=iOS DEVELOPMENT_TEAM=W2VVZU52J6 CODE_SIGN_STYLE=Automatic -allowProvisioningUpdates clean build

Build settings from command line:
    CODE_SIGN_STYLE = Automatic
    DEVELOPMENT_TEAM = W2VVZU52J6

CreateBuildRequest

SendProjectDescription

CreateBuildOperation

** CLEAN SUCCEEDED **

ComputePackagePrebuildTargetDependencyGraph

Prepare packages

CreateBuildRequest

SendProjectDescription

CreateBuildOperation

ComputeTargetDependencyGraph
note: Building targets in dependency order
note: Target dependency graph (2 targets)
    Target 'AetherfieldHost' in project 'Aetherfield'
        ➜ Explicit dependency on target 'AetherfieldAUExtension' in project 'Aetherfield'
    Target 'AetherfieldAUExtension' in project 'Aetherfield' (no dependencies)

GatherProvisioningInputs

CreateBuildDescription

ExecuteExternalTool /Applications/Xcode.app/Contents/Developer/Toolchains/XcodeDefault.xctoolchain/usr/bin/clang -v -E -dM -arch arm64 -isysroot /Applications/Xcode.app/Contents/Developer/Platforms/iPhoneOS.platform/Developer/SDKs/iPhoneOS27.0.sdk -x objective-c++ -c /dev/null

ExecuteExternalTool /Applications/Xcode.app/Contents/Developer/Toolchains/XcodeDefault.xctoolchain/usr/bin/clang -v -E -dM -isysroot /Applications/Xcode.app/Contents/Developer/Platforms/iPhoneOS.platform/Developer/SDKs/iPhoneOS27.0.sdk -x c -c /dev/null

ExecuteExternalTool /Applications/Xcode.app/Contents/Developer/Toolchains/XcodeDefault.xctoolchain/usr/bin/clang -v -E -dM -arch arm64 -isysroot /Applications/Xcode.app/Contents/Developer/Platforms/iPhoneOS.platform/Developer/SDKs/iPhoneOS27.0.sdk -x objective-c -c /dev/null

ExecuteExternalTool /Applications/Xcode.app/Contents/Developer/Toolchains/XcodeDefault.xctoolchain/usr/bin/clang -v -E -dM -arch arm64 -isysroot /Applications/Xcode.app/Contents/Developer/Platforms/iPhoneOS.platform/Developer/SDKs/iPhoneOS27.0.sdk -x c -c /dev/null

ExecuteExternalTool /Applications/Xcode.app/Contents/Developer/Toolchains/XcodeDefault.xctoolchain/usr/bin/clang -v -E -dM -arch arm64 -isysroot /Applications/Xcode.app/Contents/Developer/Platforms/iPhoneOS.platform/Developer/SDKs/iPhoneOS27.0.sdk -x c++ -c /dev/null

ExecuteExternalTool /Applications/Xcode.app/Contents/Developer/Toolchains/XcodeDefault.xctoolchain/usr/bin/ld -version_details

Build description signature: 229e8d83ee3c89ea9013e588281d5db7
Build description path: /Users/artbox/Library/Developer/Xcode/DerivedData/Aetherfield-bmpuuhknfhxszvalsxinbuvnsjlw/Build/Intermediates.noindex/XCBuildData/229e8d83ee3c89ea9013e588281d5db7.xcbuilddata
CreateBuildDirectory /Users/artbox/Library/Developer/Xcode/DerivedData/ModuleCache.noindex
    cd /Users/artbox/Documents/Repos/aetherfield/platform/apple/Aetherfield.xcodeproj
    builtin-create-build-directory /Users/artbox/Library/Developer/Xcode/DerivedData/ModuleCache.noindex

CreateBuildDirectory /Users/artbox/Library/Developer/Xcode/DerivedData/SDKExplicitPrecompiledModules
    cd /Users/artbox/Documents/Repos/aetherfield/platform/apple/Aetherfield.xcodeproj
    builtin-create-build-directory /Users/artbox/Library/Developer/Xcode/DerivedData/SDKExplicitPrecompiledModules

CreateBuildDirectory /Users/artbox/Library/Developer/Xcode/DerivedData/CompilationCache.noindex
    cd /Users/artbox/Documents/Repos/aetherfield/platform/apple/Aetherfield.xcodeproj
    builtin-create-build-directory /Users/artbox/Library/Developer/Xcode/DerivedData/CompilationCache.noindex

ClangStatCache /Applications/Xcode.app/Contents/Developer/Toolchains/XcodeDefault.xctoolchain/usr/bin/clang-stat-cache /Applications/Xcode.app/Contents/Developer/Platforms/iPhoneOS.platform/Developer/SDKs/iPhoneOS27.0.sdk /Users/artbox/Library/Developer/Xcode/DerivedData/SDKStatCaches.noindex/iphoneos27.0-24A430-6c78b3cbc238196c85e1bf6c792c5915.sdkstatcache
    cd /Users/artbox/Documents/Repos/aetherfield/platform/apple/Aetherfield.xcodeproj
    /Applications/Xcode.app/Contents/Developer/Toolchains/XcodeDefault.xctoolchain/usr/bin/clang-stat-cache /Applications/Xcode.app/Contents/Developer/Platforms/iPhoneOS.platform/Developer/SDKs/iPhoneOS27.0.sdk -o /Users/artbox/Library/Developer/Xcode/DerivedData/SDKStatCaches.noindex/iphoneos27.0-24A430-6c78b3cbc238196c85e1bf6c792c5915.sdkstatcache

CreateBuildDirectory /Users/artbox/Library/Developer/Xcode/DerivedData/Aetherfield-bmpuuhknfhxszvalsxinbuvnsjlw/Build/Products
    cd /Users/artbox/Documents/Repos/aetherfield/platform/apple/Aetherfield.xcodeproj
    builtin-create-build-directory /Users/artbox/Library/Developer/Xcode/DerivedData/Aetherfield-bmpuuhknfhxszvalsxinbuvnsjlw/Build/Products

CreateBuildDirectory /Users/artbox/Library/Developer/Xcode/DerivedData/Aetherfield-bmpuuhknfhxszvalsxinbuvnsjlw/Build/Intermediates.noindex
    cd /Users/artbox/Documents/Repos/aetherfield/platform/apple/Aetherfield.xcodeproj
    builtin-create-build-directory /Users/artbox/Library/Developer/Xcode/DerivedData/Aetherfield-bmpuuhknfhxszvalsxinbuvnsjlw/Build/Intermediates.noindex

CreateBuildDirectory /Users/artbox/Library/Developer/Xcode/DerivedData/Aetherfield-bmpuuhknfhxszvalsxinbuvnsjlw/Build/Intermediates.noindex/SwiftExplicitPrecompiledModules
    cd /Users/artbox/Documents/Repos/aetherfield/platform/apple/Aetherfield.xcodeproj
    builtin-create-build-directory /Users/artbox/Library/Developer/Xcode/DerivedData/Aetherfield-bmpuuhknfhxszvalsxinbuvnsjlw/Build/Intermediates.noindex/SwiftExplicitPrecompiledModules

CreateBuildDirectory /Users/artbox/Library/Developer/Xcode/DerivedData/Aetherfield-bmpuuhknfhxszvalsxinbuvnsjlw/Build/Intermediates.noindex/PrecompiledHeaders
    cd /Users/artbox/Documents/Repos/aetherfield/platform/apple/Aetherfield.xcodeproj
    builtin-create-build-directory /Users/artbox/Library/Developer/Xcode/DerivedData/Aetherfield-bmpuuhknfhxszvalsxinbuvnsjlw/Build/Intermediates.noindex/PrecompiledHeaders

CreateBuildDirectory /Users/artbox/Library/Developer/Xcode/DerivedData/Aetherfield-bmpuuhknfhxszvalsxinbuvnsjlw/Build/Intermediates.noindex/ExplicitPrecompiledModules
    cd /Users/artbox/Documents/Repos/aetherfield/platform/apple/Aetherfield.xcodeproj
    builtin-create-build-directory /Users/artbox/Library/Developer/Xcode/DerivedData/Aetherfield-bmpuuhknfhxszvalsxinbuvnsjlw/Build/Intermediates.noindex/ExplicitPrecompiledModules

CreateBuildDirectory /Users/artbox/Library/Developer/Xcode/DerivedData/Aetherfield-bmpuuhknfhxszvalsxinbuvnsjlw/Build/Products/Release-iphoneos
    cd /Users/artbox/Documents/Repos/aetherfield/platform/apple/Aetherfield.xcodeproj
    builtin-create-build-directory /Users/artbox/Library/Developer/Xcode/DerivedData/Aetherfield-bmpuuhknfhxszvalsxinbuvnsjlw/Build/Products/Release-iphoneos

CreateBuildDirectory /Users/artbox/Library/Developer/Xcode/DerivedData/Aetherfield-bmpuuhknfhxszvalsxinbuvnsjlw/Build/Intermediates.noindex/EagerLinkingTBDs/Release-iphoneos
    cd /Users/artbox/Documents/Repos/aetherfield/platform/apple/Aetherfield.xcodeproj
    builtin-create-build-directory /Users/artbox/Library/Developer/Xcode/DerivedData/Aetherfield-bmpuuhknfhxszvalsxinbuvnsjlw/Build/Intermediates.noindex/EagerLinkingTBDs/Release-iphoneos

WriteAuxiliaryFile /Users/artbox/Library/Developer/Xcode/DerivedData/Aetherfield-bmpuuhknfhxszvalsxinbuvnsjlw/Build/Intermediates.noindex/Aetherfield.build/Release-iphoneos/Aetherfield-00043ed4612335811c5b1da01d019ba7-VFS-iphoneos/all-product-headers.yaml
    cd /Users/artbox/Documents/Repos/aetherfield/platform/apple/Aetherfield.xcodeproj
    write-file /Users/artbox/Library/Developer/Xcode/DerivedData/Aetherfield-bmpuuhknfhxszvalsxinbuvnsjlw/Build/Intermediates.noindex/Aetherfield.build/Release-iphoneos/Aetherfield-00043ed4612335811c5b1da01d019ba7-VFS-iphoneos/all-product-headers.yaml

WriteAuxiliaryFile /Users/artbox/Library/Developer/Xcode/DerivedData/Aetherfield-bmpuuhknfhxszvalsxinbuvnsjlw/Build/Intermediates.noindex/Aetherfield.build/Release-iphoneos/AetherfieldHost.build/DerivedSources/Entitlements.plist (in target 'AetherfieldHost' from project 'Aetherfield')
    cd /Users/artbox/Documents/Repos/aetherfield/platform/apple
    write-file /Users/artbox/Library/Developer/Xcode/DerivedData/Aetherfield-bmpuuhknfhxszvalsxinbuvnsjlw/Build/Intermediates.noindex/Aetherfield.build/Release-iphoneos/AetherfieldHost.build/DerivedSources/Entitlements.plist

WriteAuxiliaryFile /Users/artbox/Library/Developer/Xcode/DerivedData/Aetherfield-bmpuuhknfhxszvalsxinbuvnsjlw/Build/Intermediates.noindex/Aetherfield.build/Release-iphoneos/AetherfieldHost.build/AetherfieldHost.hmap (in target 'AetherfieldHost' from project 'Aetherfield')
    cd /Users/artbox/Documents/Repos/aetherfield/platform/apple
    write-file /Users/artbox/Library/Developer/Xcode/DerivedData/Aetherfield-bmpuuhknfhxszvalsxinbuvnsjlw/Build/Intermediates.noindex/Aetherfield.build/Release-iphoneos/AetherfieldHost.build/AetherfieldHost.hmap

WriteAuxiliaryFile /Users/artbox/Library/Developer/Xcode/DerivedData/Aetherfield-bmpuuhknfhxszvalsxinbuvnsjlw/Build/Intermediates.noindex/Aetherfield.build/Release-iphoneos/AetherfieldHost.build/Objects-normal/arm64/e6072d4f65d7061329687fe24e3d63a7-common-args.resp (in target 'AetherfieldHost' from project 'Aetherfield')
    cd /Users/artbox/Documents/Repos/aetherfield/platform/apple
    write-file /Users/artbox/Library/Developer/Xcode/DerivedData/Aetherfield-bmpuuhknfhxszvalsxinbuvnsjlw/Build/Intermediates.noindex/Aetherfield.build/Release-iphoneos/AetherfieldHost.build/Objects-normal/arm64/e6072d4f65d7061329687fe24e3d63a7-common-args.resp
'-std=gnu11' -fobjc-arc -fobjc-weak -fmodules -gmodules '-fmodules-cache-path=/Users/artbox/Library/Developer/Xcode/DerivedData/ModuleCache.noindex' -fpascal-strings -Os -fno-common '-DNS_BLOCK_ASSERTIONS=1' '-DOBJC_OLD_DISPATCH_PROTOTYPES=0' -g '-fvisibility=hidden' -iquote /Users/artbox/Library/Developer/Xcode/DerivedData/Aetherfield-bmpuuhknfhxszvalsxinbuvnsjlw/Build/Intermediates.noindex/Aetherfield.build/Release-iphoneos/AetherfieldHost.build/AetherfieldHost-generated-files.hmap -I/Users/artbox/Library/Developer/Xcode/DerivedData/Aetherfield-bmpuuhknfhxszvalsxinbuvnsjlw/Build/Intermediates.noindex/Aetherfield.build/Release-iphoneos/AetherfieldHost.build/AetherfieldHost-own-target-headers.hmap -I/Users/artbox/Library/Developer/Xcode/DerivedData/Aetherfield-bmpuuhknfhxszvalsxinbuvnsjlw/Build/Intermediates.noindex/Aetherfield.build/Release-iphoneos/AetherfieldHost.build/AetherfieldHost-all-target-headers.hmap -iquote /Users/artbox/Library/Developer/Xcode/DerivedData/Aetherfield-bmpuuhknfhxszvalsxinbuvnsjlw/Build/Intermediates.noindex/Aetherfield.build/Release-iphoneos/AetherfieldHost.build/AetherfieldHost-project-headers.hmap -I/Users/artbox/Library/Developer/Xcode/DerivedData/Aetherfield-bmpuuhknfhxszvalsxinbuvnsjlw/Build/Products/Release-iphoneos/include -I/Users/artbox/Library/Developer/Xcode/DerivedData/Aetherfield-bmpuuhknfhxszvalsxinbuvnsjlw/Build/Intermediates.noindex/Aetherfield.build/Release-iphoneos/AetherfieldHost.build/DerivedSources-normal/arm64 -I/Users/artbox/Library/Developer/Xcode/DerivedData/Aetherfield-bmpuuhknfhxszvalsxinbuvnsjlw/Build/Intermediates.noindex/Aetherfield.build/Release-iphoneos/AetherfieldHost.build/DerivedSources/arm64 -I/Users/artbox/Library/Developer/Xcode/DerivedData/Aetherfield-bmpuuhknfhxszvalsxinbuvnsjlw/Build/Intermediates.noindex/Aetherfield.build/Release-iphoneos/AetherfieldHost.build/DerivedSources -F/Users/artbox/Library/Developer/Xcode/DerivedData/Aetherfield-bmpuuhknfhxszvalsxinbuvnsjlw/Build/Products/Release-iphoneos

WriteAuxiliaryFile /Users/artbox/Library/Developer/Xcode/DerivedData/Aetherfield-bmpuuhknfhxszvalsxinbuvnsjlw/Build/Intermediates.noindex/Aetherfield.build/Release-iphoneos/AetherfieldHost.build/AetherfieldHost.DependencyStaticMetadataFileList (in target 'AetherfieldHost' from project 'Aetherfield')
    cd /Users/artbox/Documents/Repos/aetherfield/platform/apple
    write-file /Users/artbox/Library/Developer/Xcode/DerivedData/Aetherfield-bmpuuhknfhxszvalsxinbuvnsjlw/Build/Intermediates.noindex/Aetherfield.build/Release-iphoneos/AetherfieldHost.build/AetherfieldHost.DependencyStaticMetadataFileList

WriteAuxiliaryFile /Users/artbox/Library/Developer/Xcode/DerivedData/Aetherfield-bmpuuhknfhxszvalsxinbuvnsjlw/Build/Intermediates.noindex/Aetherfield.build/Release-iphoneos/AetherfieldHost.build/AetherfieldHost.DependencyMetadataFileList (in target 'AetherfieldHost' from project 'Aetherfield')
    cd /Users/artbox/Documents/Repos/aetherfield/platform/apple
    write-file /Users/artbox/Library/Developer/Xcode/DerivedData/Aetherfield-bmpuuhknfhxszvalsxinbuvnsjlw/Build/Intermediates.noindex/Aetherfield.build/Release-iphoneos/AetherfieldHost.build/AetherfieldHost.DependencyMetadataFileList

WriteAuxiliaryFile /Users/artbox/Library/Developer/Xcode/DerivedData/Aetherfield-bmpuuhknfhxszvalsxinbuvnsjlw/Build/Intermediates.noindex/Aetherfield.build/Release-iphoneos/AetherfieldHost.build/Objects-normal/arm64/AetherfieldHost.LinkFileList (in target 'AetherfieldHost' from project 'Aetherfield')
    cd /Users/artbox/Documents/Repos/aetherfield/platform/apple
    write-file /Users/artbox/Library/Developer/Xcode/DerivedData/Aetherfield-bmpuuhknfhxszvalsxinbuvnsjlw/Build/Intermediates.noindex/Aetherfield.build/Release-iphoneos/AetherfieldHost.build/Objects-normal/arm64/AetherfieldHost.LinkFileList

WriteAuxiliaryFile /Users/artbox/Library/Developer/Xcode/DerivedData/Aetherfield-bmpuuhknfhxszvalsxinbuvnsjlw/Build/Intermediates.noindex/Aetherfield.build/Release-iphoneos/AetherfieldHost.build/AetherfieldHost-project-headers.hmap (in target 'AetherfieldHost' from project 'Aetherfield')
    cd /Users/artbox/Documents/Repos/aetherfield/platform/apple
    write-file /Users/artbox/Library/Developer/Xcode/DerivedData/Aetherfield-bmpuuhknfhxszvalsxinbuvnsjlw/Build/Intermediates.noindex/Aetherfield.build/Release-iphoneos/AetherfieldHost.build/AetherfieldHost-project-headers.hmap

WriteAuxiliaryFile /Users/artbox/Library/Developer/Xcode/DerivedData/Aetherfield-bmpuuhknfhxszvalsxinbuvnsjlw/Build/Intermediates.noindex/Aetherfield.build/Release-iphoneos/AetherfieldHost.build/AetherfieldHost-own-target-headers.hmap (in target 'AetherfieldHost' from project 'Aetherfield')
    cd /Users/artbox/Documents/Repos/aetherfield/platform/apple
    write-file /Users/artbox/Library/Developer/Xcode/DerivedData/Aetherfield-bmpuuhknfhxszvalsxinbuvnsjlw/Build/Intermediates.noindex/Aetherfield.build/Release-iphoneos/AetherfieldHost.build/AetherfieldHost-own-target-headers.hmap

WriteAuxiliaryFile /Users/artbox/Library/Developer/Xcode/DerivedData/Aetherfield-bmpuuhknfhxszvalsxinbuvnsjlw/Build/Intermediates.noindex/Aetherfield.build/Release-iphoneos/AetherfieldHost.build/AetherfieldHost-generated-files.hmap (in target 'AetherfieldHost' from project 'Aetherfield')
    cd /Users/artbox/Documents/Repos/aetherfield/platform/apple
    write-file /Users/artbox/Library/Developer/Xcode/DerivedData/Aetherfield-bmpuuhknfhxszvalsxinbuvnsjlw/Build/Intermediates.noindex/Aetherfield.build/Release-iphoneos/AetherfieldHost.build/AetherfieldHost-generated-files.hmap

WriteAuxiliaryFile /Users/artbox/Library/Developer/Xcode/DerivedData/Aetherfield-bmpuuhknfhxszvalsxinbuvnsjlw/Build/Intermediates.noindex/Aetherfield.build/Release-iphoneos/AetherfieldHost.build/AetherfieldHost-all-target-headers.hmap (in target 'AetherfieldHost' from project 'Aetherfield')
    cd /Users/artbox/Documents/Repos/aetherfield/platform/apple
    write-file /Users/artbox/Library/Developer/Xcode/DerivedData/Aetherfield-bmpuuhknfhxszvalsxinbuvnsjlw/Build/Intermediates.noindex/Aetherfield.build/Release-iphoneos/AetherfieldHost.build/AetherfieldHost-all-target-headers.hmap

WriteAuxiliaryFile /Users/artbox/Library/Developer/Xcode/DerivedData/Aetherfield-bmpuuhknfhxszvalsxinbuvnsjlw/Build/Intermediates.noindex/Aetherfield.build/Release-iphoneos/AetherfieldHost.build/AetherfieldHost-all-non-framework-target-headers.hmap (in target 'AetherfieldHost' from project 'Aetherfield')
    cd /Users/artbox/Documents/Repos/aetherfield/platform/apple
    write-file /Users/artbox/Library/Developer/Xcode/DerivedData/Aetherfield-bmpuuhknfhxszvalsxinbuvnsjlw/Build/Intermediates.noindex/Aetherfield.build/Release-iphoneos/AetherfieldHost.build/AetherfieldHost-all-non-framework-target-headers.hmap

WriteAuxiliaryFile /Users/artbox/Library/Developer/Xcode/DerivedData/Aetherfield-bmpuuhknfhxszvalsxinbuvnsjlw/Build/Intermediates.noindex/Aetherfield.build/Release-iphoneos/AetherfieldAUExtension.build/Objects-normal/arm64/af3fcb34312c57c0f52879cdce924b91-common-args.resp (in target 'AetherfieldAUExtension' from project 'Aetherfield')
    cd /Users/artbox/Documents/Repos/aetherfield/platform/apple
    write-file /Users/artbox/Library/Developer/Xcode/DerivedData/Aetherfield-bmpuuhknfhxszvalsxinbuvnsjlw/Build/Intermediates.noindex/Aetherfield.build/Release-iphoneos/AetherfieldAUExtension.build/Objects-normal/arm64/af3fcb34312c57c0f52879cdce924b91-common-args.resp
'-std=c++20' '-stdlib=libc++' -fobjc-arc -fobjc-weak -fmodules -fno-cxx-modules -gmodules '-fmodules-cache-path=/Users/artbox/Library/Developer/Xcode/DerivedData/ModuleCache.noindex' -fapplication-extension -fpascal-strings -Os -fno-common '-DNS_BLOCK_ASSERTIONS=1' '-DOBJC_OLD_DISPATCH_PROTOTYPES=0' -g -fvisibility-inlines-hidden -iquote /Users/artbox/Library/Developer/Xcode/DerivedData/Aetherfield-bmpuuhknfhxszvalsxinbuvnsjlw/Build/Intermediates.noindex/Aetherfield.build/Release-iphoneos/AetherfieldAUExtension.build/AetherfieldAUExtension-generated-files.hmap -I/Users/artbox/Library/Developer/Xcode/DerivedData/Aetherfield-bmpuuhknfhxszvalsxinbuvnsjlw/Build/Intermediates.noindex/Aetherfield.build/Release-iphoneos/AetherfieldAUExtension.build/AetherfieldAUExtension-own-target-headers.hmap -I/Users/artbox/Library/Developer/Xcode/DerivedData/Aetherfield-bmpuuhknfhxszvalsxinbuvnsjlw/Build/Intermediates.noindex/Aetherfield.build/Release-iphoneos/AetherfieldAUExtension.build/AetherfieldAUExtension-all-target-headers.hmap -iquote /Users/artbox/Library/Developer/Xcode/DerivedData/Aetherfield-bmpuuhknfhxszvalsxinbuvnsjlw/Build/Intermediates.noindex/Aetherfield.build/Release-iphoneos/AetherfieldAUExtension.build/AetherfieldAUExtension-project-headers.hmap -I/Users/artbox/Library/Developer/Xcode/DerivedData/Aetherfield-bmpuuhknfhxszvalsxinbuvnsjlw/Build/Products/Release-iphoneos/include -I/Users/artbox/Documents/Repos/aetherfield/src -I/Users/artbox/Library/Developer/Xcode/DerivedData/Aetherfield-bmpuuhknfhxszvalsxinbuvnsjlw/Build/Intermediates.noindex/Aetherfield.build/Release-iphoneos/AetherfieldAUExtension.build/DerivedSources-normal/arm64 -I/Users/artbox/Library/Developer/Xcode/DerivedData/Aetherfield-bmpuuhknfhxszvalsxinbuvnsjlw/Build/Intermediates.noindex/Aetherfield.build/Release-iphoneos/AetherfieldAUExtension.build/DerivedSources/arm64 -I/Users/artbox/Library/Developer/Xcode/DerivedData/Aetherfield-bmpuuhknfhxszvalsxinbuvnsjlw/Build/Intermediates.noindex/Aetherfield.build/Release-iphoneos/AetherfieldAUExtension.build/DerivedSources -F/Users/artbox/Library/Developer/Xcode/DerivedData/Aetherfield-bmpuuhknfhxszvalsxinbuvnsjlw/Build/Products/Release-iphoneos

WriteAuxiliaryFile /Users/artbox/Library/Developer/Xcode/DerivedData/Aetherfield-bmpuuhknfhxszvalsxinbuvnsjlw/Build/Intermediates.noindex/Aetherfield.build/Release-iphoneos/AetherfieldAUExtension.build/Objects-normal/arm64/AetherfieldAUExtension.LinkFileList (in target 'AetherfieldAUExtension' from project 'Aetherfield')
    cd /Users/artbox/Documents/Repos/aetherfield/platform/apple
    write-file /Users/artbox/Library/Developer/Xcode/DerivedData/Aetherfield-bmpuuhknfhxszvalsxinbuvnsjlw/Build/Intermediates.noindex/Aetherfield.build/Release-iphoneos/AetherfieldAUExtension.build/Objects-normal/arm64/AetherfieldAUExtension.LinkFileList

WriteAuxiliaryFile /Users/artbox/Library/Developer/Xcode/DerivedData/Aetherfield-bmpuuhknfhxszvalsxinbuvnsjlw/Build/Intermediates.noindex/Aetherfield.build/Release-iphoneos/AetherfieldAUExtension.build/Objects-normal/arm64/82b82416624d2658e5098eb0a28c15c5-common-args.resp (in target 'AetherfieldAUExtension' from project 'Aetherfield')
    cd /Users/artbox/Documents/Repos/aetherfield/platform/apple
    write-file /Users/artbox/Library/Developer/Xcode/DerivedData/Aetherfield-bmpuuhknfhxszvalsxinbuvnsjlw/Build/Intermediates.noindex/Aetherfield.build/Release-iphoneos/AetherfieldAUExtension.build/Objects-normal/arm64/82b82416624d2658e5098eb0a28c15c5-common-args.resp
'-std=c++20' '-stdlib=libc++' -fmodules -fno-cxx-modules -gmodules '-fmodules-cache-path=/Users/artbox/Library/Developer/Xcode/DerivedData/ModuleCache.noindex' -fapplication-extension -fpascal-strings -Os -fno-common -g -fvisibility-inlines-hidden -iquote /Users/artbox/Library/Developer/Xcode/DerivedData/Aetherfield-bmpuuhknfhxszvalsxinbuvnsjlw/Build/Intermediates.noindex/Aetherfield.build/Release-iphoneos/AetherfieldAUExtension.build/AetherfieldAUExtension-generated-files.hmap -I/Users/artbox/Library/Developer/Xcode/DerivedData/Aetherfield-bmpuuhknfhxszvalsxinbuvnsjlw/Build/Intermediates.noindex/Aetherfield.build/Release-iphoneos/AetherfieldAUExtension.build/AetherfieldAUExtension-own-target-headers.hmap -I/Users/artbox/Library/Developer/Xcode/DerivedData/Aetherfield-bmpuuhknfhxszvalsxinbuvnsjlw/Build/Intermediates.noindex/Aetherfield.build/Release-iphoneos/AetherfieldAUExtension.build/AetherfieldAUExtension-all-target-headers.hmap -iquote /Users/artbox/Library/Developer/Xcode/DerivedData/Aetherfield-bmpuuhknfhxszvalsxinbuvnsjlw/Build/Intermediates.noindex/Aetherfield.build/Release-iphoneos/AetherfieldAUExtension.build/AetherfieldAUExtension-project-headers.hmap -I/Users/artbox/Library/Developer/Xcode/DerivedData/Aetherfield-bmpuuhknfhxszvalsxinbuvnsjlw/Build/Products/Release-iphoneos/include -I/Users/artbox/Documents/Repos/aetherfield/src -I/Users/artbox/Library/Developer/Xcode/DerivedData/Aetherfield-bmpuuhknfhxszvalsxinbuvnsjlw/Build/Intermediates.noindex/Aetherfield.build/Release-iphoneos/AetherfieldAUExtension.build/DerivedSources-normal/arm64 -I/Users/artbox/Library/Developer/Xcode/DerivedData/Aetherfield-bmpuuhknfhxszvalsxinbuvnsjlw/Build/Intermediates.noindex/Aetherfield.build/Release-iphoneos/AetherfieldAUExtension.build/DerivedSources/arm64 -I/Users/artbox/Library/Developer/Xcode/DerivedData/Aetherfield-bmpuuhknfhxszvalsxinbuvnsjlw/Build/Intermediates.noindex/Aetherfield.build/Release-iphoneos/AetherfieldAUExtension.build/DerivedSources -F/Users/artbox/Library/Developer/Xcode/DerivedData/Aetherfield-bmpuuhknfhxszvalsxinbuvnsjlw/Build/Products/Release-iphoneos

WriteAuxiliaryFile /Users/artbox/Library/Developer/Xcode/DerivedData/Aetherfield-bmpuuhknfhxszvalsxinbuvnsjlw/Build/Intermediates.noindex/Aetherfield.build/Release-iphoneos/AetherfieldAUExtension.build/AetherfieldAUExtension.hmap (in target 'AetherfieldAUExtension' from project 'Aetherfield')
    cd /Users/artbox/Documents/Repos/aetherfield/platform/apple
    write-file /Users/artbox/Library/Developer/Xcode/DerivedData/Aetherfield-bmpuuhknfhxszvalsxinbuvnsjlw/Build/Intermediates.noindex/Aetherfield.build/Release-iphoneos/AetherfieldAUExtension.build/AetherfieldAUExtension.hmap

WriteAuxiliaryFile /Users/artbox/Library/Developer/Xcode/DerivedData/Aetherfield-bmpuuhknfhxszvalsxinbuvnsjlw/Build/Intermediates.noindex/Aetherfield.build/Release-iphoneos/AetherfieldAUExtension.build/DerivedSources/Entitlements.plist (in target 'AetherfieldAUExtension' from project 'Aetherfield')
    cd /Users/artbox/Documents/Repos/aetherfield/platform/apple
    write-file /Users/artbox/Library/Developer/Xcode/DerivedData/Aetherfield-bmpuuhknfhxszvalsxinbuvnsjlw/Build/Intermediates.noindex/Aetherfield.build/Release-iphoneos/AetherfieldAUExtension.build/DerivedSources/Entitlements.plist

WriteAuxiliaryFile /Users/artbox/Library/Developer/Xcode/DerivedData/Aetherfield-bmpuuhknfhxszvalsxinbuvnsjlw/Build/Intermediates.noindex/Aetherfield.build/Release-iphoneos/AetherfieldAUExtension.build/AetherfieldAUExtension.DependencyStaticMetadataFileList (in target 'AetherfieldAUExtension' from project 'Aetherfield')
    cd /Users/artbox/Documents/Repos/aetherfield/platform/apple
    write-file /Users/artbox/Library/Developer/Xcode/DerivedData/Aetherfield-bmpuuhknfhxszvalsxinbuvnsjlw/Build/Intermediates.noindex/Aetherfield.build/Release-iphoneos/AetherfieldAUExtension.build/AetherfieldAUExtension.DependencyStaticMetadataFileList

WriteAuxiliaryFile /Users/artbox/Library/Developer/Xcode/DerivedData/Aetherfield-bmpuuhknfhxszvalsxinbuvnsjlw/Build/Intermediates.noindex/Aetherfield.build/Release-iphoneos/AetherfieldAUExtension.build/AetherfieldAUExtension.DependencyMetadataFileList (in target 'AetherfieldAUExtension' from project 'Aetherfield')
    cd /Users/artbox/Documents/Repos/aetherfield/platform/apple
    write-file /Users/artbox/Library/Developer/Xcode/DerivedData/Aetherfield-bmpuuhknfhxszvalsxinbuvnsjlw/Build/Intermediates.noindex/Aetherfield.build/Release-iphoneos/AetherfieldAUExtension.build/AetherfieldAUExtension.DependencyMetadataFileList

WriteAuxiliaryFile /Users/artbox/Library/Developer/Xcode/DerivedData/Aetherfield-bmpuuhknfhxszvalsxinbuvnsjlw/Build/Intermediates.noindex/Aetherfield.build/Release-iphoneos/AetherfieldAUExtension.build/AetherfieldAUExtension-project-headers.hmap (in target 'AetherfieldAUExtension' from project 'Aetherfield')
    cd /Users/artbox/Documents/Repos/aetherfield/platform/apple
    write-file /Users/artbox/Library/Developer/Xcode/DerivedData/Aetherfield-bmpuuhknfhxszvalsxinbuvnsjlw/Build/Intermediates.noindex/Aetherfield.build/Release-iphoneos/AetherfieldAUExtension.build/AetherfieldAUExtension-project-headers.hmap

WriteAuxiliaryFile /Users/artbox/Library/Developer/Xcode/DerivedData/Aetherfield-bmpuuhknfhxszvalsxinbuvnsjlw/Build/Intermediates.noindex/Aetherfield.build/Release-iphoneos/AetherfieldAUExtension.build/AetherfieldAUExtension-own-target-headers.hmap (in target 'AetherfieldAUExtension' from project 'Aetherfield')
    cd /Users/artbox/Documents/Repos/aetherfield/platform/apple
    write-file /Users/artbox/Library/Developer/Xcode/DerivedData/Aetherfield-bmpuuhknfhxszvalsxinbuvnsjlw/Build/Intermediates.noindex/Aetherfield.build/Release-iphoneos/AetherfieldAUExtension.build/AetherfieldAUExtension-own-target-headers.hmap

WriteAuxiliaryFile /Users/artbox/Library/Developer/Xcode/DerivedData/Aetherfield-bmpuuhknfhxszvalsxinbuvnsjlw/Build/Intermediates.noindex/Aetherfield.build/Release-iphoneos/AetherfieldAUExtension.build/AetherfieldAUExtension-generated-files.hmap (in target 'AetherfieldAUExtension' from project 'Aetherfield')
    cd /Users/artbox/Documents/Repos/aetherfield/platform/apple
    write-file /Users/artbox/Library/Developer/Xcode/DerivedData/Aetherfield-bmpuuhknfhxszvalsxinbuvnsjlw/Build/Intermediates.noindex/Aetherfield.build/Release-iphoneos/AetherfieldAUExtension.build/AetherfieldAUExtension-generated-files.hmap

WriteAuxiliaryFile /Users/artbox/Library/Developer/Xcode/DerivedData/Aetherfield-bmpuuhknfhxszvalsxinbuvnsjlw/Build/Intermediates.noindex/Aetherfield.build/Release-iphoneos/AetherfieldAUExtension.build/AetherfieldAUExtension-all-target-headers.hmap (in target 'AetherfieldAUExtension' from project 'Aetherfield')
    cd /Users/artbox/Documents/Repos/aetherfield/platform/apple
    write-file /Users/artbox/Library/Developer/Xcode/DerivedData/Aetherfield-bmpuuhknfhxszvalsxinbuvnsjlw/Build/Intermediates.noindex/Aetherfield.build/Release-iphoneos/AetherfieldAUExtension.build/AetherfieldAUExtension-all-target-headers.hmap

WriteAuxiliaryFile /Users/artbox/Library/Developer/Xcode/DerivedData/Aetherfield-bmpuuhknfhxszvalsxinbuvnsjlw/Build/Intermediates.noindex/Aetherfield.build/Release-iphoneos/AetherfieldAUExtension.build/AetherfieldAUExtension-all-non-framework-target-headers.hmap (in target 'AetherfieldAUExtension' from project 'Aetherfield')
    cd /Users/artbox/Documents/Repos/aetherfield/platform/apple
    write-file /Users/artbox/Library/Developer/Xcode/DerivedData/Aetherfield-bmpuuhknfhxszvalsxinbuvnsjlw/Build/Intermediates.noindex/Aetherfield.build/Release-iphoneos/AetherfieldAUExtension.build/AetherfieldAUExtension-all-non-framework-target-headers.hmap

MkDir /Users/artbox/Library/Developer/Xcode/DerivedData/Aetherfield-bmpuuhknfhxszvalsxinbuvnsjlw/Build/Products/Release-iphoneos/AetherfieldHost.app (in target 'AetherfieldHost' from project 'Aetherfield')
    cd /Users/artbox/Documents/Repos/aetherfield/platform/apple
    /bin/mkdir -p /Users/artbox/Library/Developer/Xcode/DerivedData/Aetherfield-bmpuuhknfhxszvalsxinbuvnsjlw/Build/Products/Release-iphoneos/AetherfieldHost.app

MkDir /Users/artbox/Library/Developer/Xcode/DerivedData/Aetherfield-bmpuuhknfhxszvalsxinbuvnsjlw/Build/Products/Release-iphoneos/AetherfieldHost.app/PlugIns (in target 'AetherfieldHost' from project 'Aetherfield')
    cd /Users/artbox/Documents/Repos/aetherfield/platform/apple
    /bin/mkdir -p /Users/artbox/Library/Developer/Xcode/DerivedData/Aetherfield-bmpuuhknfhxszvalsxinbuvnsjlw/Build/Products/Release-iphoneos/AetherfieldHost.app/PlugIns

MkDir /Users/artbox/Library/Developer/Xcode/DerivedData/Aetherfield-bmpuuhknfhxszvalsxinbuvnsjlw/Build/Products/Release-iphoneos/AetherfieldAUExtension.appex (in target 'AetherfieldAUExtension' from project 'Aetherfield')
    cd /Users/artbox/Documents/Repos/aetherfield/platform/apple
    /bin/mkdir -p /Users/artbox/Library/Developer/Xcode/DerivedData/Aetherfield-bmpuuhknfhxszvalsxinbuvnsjlw/Build/Products/Release-iphoneos/AetherfieldAUExtension.appex

ProcessProductPackaging "" /Users/artbox/Library/Developer/Xcode/DerivedData/Aetherfield-bmpuuhknfhxszvalsxinbuvnsjlw/Build/Intermediates.noindex/Aetherfield.build/Release-iphoneos/AetherfieldAUExtension.build/AetherfieldAUExtension.appex.xcent (in target 'AetherfieldAUExtension' from project 'Aetherfield')
    cd /Users/artbox/Documents/Repos/aetherfield/platform/apple
    
    Entitlements:
    
    {
    "application-identifier" = "W2VVZU52J6.com.aetherfield.placeholder.AetherfieldHost.AetherfieldAUExtension";
    "com.apple.developer.team-identifier" = W2VVZU52J6;
    "get-task-allow" = 1;
}
    
    builtin-productPackagingUtility -entitlements -format xml -o /Users/artbox/Library/Developer/Xcode/DerivedData/Aetherfield-bmpuuhknfhxszvalsxinbuvnsjlw/Build/Intermediates.noindex/Aetherfield.build/Release-iphoneos/AetherfieldAUExtension.build/AetherfieldAUExtension.appex.xcent

ProcessProductPackaging /Users/artbox/Library/Developer/Xcode/UserData/Provisioning\ Profiles/b09e7b8d-864f-4de3-83d8-d7392a8995d2.mobileprovision /Users/artbox/Library/Developer/Xcode/DerivedData/Aetherfield-bmpuuhknfhxszvalsxinbuvnsjlw/Build/Products/Release-iphoneos/AetherfieldAUExtension.appex/embedded.mobileprovision (in target 'AetherfieldAUExtension' from project 'Aetherfield')
    cd /Users/artbox/Documents/Repos/aetherfield/platform/apple
    builtin-productPackagingUtility /Users/artbox/Library/Developer/Xcode/UserData/Provisioning\ Profiles/b09e7b8d-864f-4de3-83d8-d7392a8995d2.mobileprovision -o /Users/artbox/Library/Developer/Xcode/DerivedData/Aetherfield-bmpuuhknfhxszvalsxinbuvnsjlw/Build/Products/Release-iphoneos/AetherfieldAUExtension.appex/embedded.mobileprovision

ProcessProductPackaging /Users/artbox/Library/Developer/Xcode/UserData/Provisioning\ Profiles/20d27be8-13cb-4997-9da4-ca0015208434.mobileprovision /Users/artbox/Library/Developer/Xcode/DerivedData/Aetherfield-bmpuuhknfhxszvalsxinbuvnsjlw/Build/Products/Release-iphoneos/AetherfieldHost.app/embedded.mobileprovision (in target 'AetherfieldHost' from project 'Aetherfield')
    cd /Users/artbox/Documents/Repos/aetherfield/platform/apple
    builtin-productPackagingUtility /Users/artbox/Library/Developer/Xcode/UserData/Provisioning\ Profiles/20d27be8-13cb-4997-9da4-ca0015208434.mobileprovision -o /Users/artbox/Library/Developer/Xcode/DerivedData/Aetherfield-bmpuuhknfhxszvalsxinbuvnsjlw/Build/Products/Release-iphoneos/AetherfieldHost.app/embedded.mobileprovision

ProcessProductPackaging /Users/artbox/Documents/Repos/aetherfield/platform/apple/AetherfieldHost/AetherfieldHost.entitlements /Users/artbox/Library/Developer/Xcode/DerivedData/Aetherfield-bmpuuhknfhxszvalsxinbuvnsjlw/Build/Intermediates.noindex/Aetherfield.build/Release-iphoneos/AetherfieldHost.build/AetherfieldHost.app.xcent (in target 'AetherfieldHost' from project 'Aetherfield')
    cd /Users/artbox/Documents/Repos/aetherfield/platform/apple
    
    Entitlements:
    
    {
    "application-identifier" = "W2VVZU52J6.com.aetherfield.placeholder.AetherfieldHost";
    "com.apple.developer.team-identifier" = W2VVZU52J6;
    "get-task-allow" = 1;
    "inter-app-audio" = 1;
}
    
    builtin-productPackagingUtility /Users/artbox/Documents/Repos/aetherfield/platform/apple/AetherfieldHost/AetherfieldHost.entitlements -entitlements -format xml -o /Users/artbox/Library/Developer/Xcode/DerivedData/Aetherfield-bmpuuhknfhxszvalsxinbuvnsjlw/Build/Intermediates.noindex/Aetherfield.build/Release-iphoneos/AetherfieldHost.build/AetherfieldHost.app.xcent

ProcessProductPackagingDER /Users/artbox/Library/Developer/Xcode/DerivedData/Aetherfield-bmpuuhknfhxszvalsxinbuvnsjlw/Build/Intermediates.noindex/Aetherfield.build/Release-iphoneos/AetherfieldAUExtension.build/AetherfieldAUExtension.appex.xcent /Users/artbox/Library/Developer/Xcode/DerivedData/Aetherfield-bmpuuhknfhxszvalsxinbuvnsjlw/Build/Intermediates.noindex/Aetherfield.build/Release-iphoneos/AetherfieldAUExtension.build/AetherfieldAUExtension.appex.xcent.der (in target 'AetherfieldAUExtension' from project 'Aetherfield')
    cd /Users/artbox/Documents/Repos/aetherfield/platform/apple
    /usr/bin/derq query -f xml -i /Users/artbox/Library/Developer/Xcode/DerivedData/Aetherfield-bmpuuhknfhxszvalsxinbuvnsjlw/Build/Intermediates.noindex/Aetherfield.build/Release-iphoneos/AetherfieldAUExtension.build/AetherfieldAUExtension.appex.xcent -o /Users/artbox/Library/Developer/Xcode/DerivedData/Aetherfield-bmpuuhknfhxszvalsxinbuvnsjlw/Build/Intermediates.noindex/Aetherfield.build/Release-iphoneos/AetherfieldAUExtension.build/AetherfieldAUExtension.appex.xcent.der --raw

ProcessProductPackagingDER /Users/artbox/Library/Developer/Xcode/DerivedData/Aetherfield-bmpuuhknfhxszvalsxinbuvnsjlw/Build/Intermediates.noindex/Aetherfield.build/Release-iphoneos/AetherfieldHost.build/AetherfieldHost.app.xcent /Users/artbox/Library/Developer/Xcode/DerivedData/Aetherfield-bmpuuhknfhxszvalsxinbuvnsjlw/Build/Intermediates.noindex/Aetherfield.build/Release-iphoneos/AetherfieldHost.build/AetherfieldHost.app.xcent.der (in target 'AetherfieldHost' from project 'Aetherfield')
    cd /Users/artbox/Documents/Repos/aetherfield/platform/apple
    /usr/bin/derq query -f xml -i /Users/artbox/Library/Developer/Xcode/DerivedData/Aetherfield-bmpuuhknfhxszvalsxinbuvnsjlw/Build/Intermediates.noindex/Aetherfield.build/Release-iphoneos/AetherfieldHost.build/AetherfieldHost.app.xcent -o /Users/artbox/Library/Developer/Xcode/DerivedData/Aetherfield-bmpuuhknfhxszvalsxinbuvnsjlw/Build/Intermediates.noindex/Aetherfield.build/Release-iphoneos/AetherfieldHost.build/AetherfieldHost.app.xcent.der --raw

ProcessInfoPlistFile /Users/artbox/Library/Developer/Xcode/DerivedData/Aetherfield-bmpuuhknfhxszvalsxinbuvnsjlw/Build/Products/Release-iphoneos/AetherfieldAUExtension.appex/Info.plist /Users/artbox/Documents/Repos/aetherfield/src/auv3/Info.plist (in target 'AetherfieldAUExtension' from project 'Aetherfield')
    cd /Users/artbox/Documents/Repos/aetherfield/platform/apple
    builtin-infoPlistUtility /Users/artbox/Documents/Repos/aetherfield/src/auv3/Info.plist -producttype com.apple.product-type.app-extension -expandbuildsettings -format binary -platform iphoneos -requiredArchitecture arm64 -o /Users/artbox/Library/Developer/Xcode/DerivedData/Aetherfield-bmpuuhknfhxszvalsxinbuvnsjlw/Build/Products/Release-iphoneos/AetherfieldAUExtension.appex/Info.plist

CompileC /Users/artbox/Library/Developer/Xcode/DerivedData/Aetherfield-bmpuuhknfhxszvalsxinbuvnsjlw/Build/Intermediates.noindex/Aetherfield.build/Release-iphoneos/AetherfieldAUExtension.build/Objects-normal/arm64/TailSilenceBound.o /Users/artbox/Documents/Repos/aetherfield/src/dsp/TailSilenceBound.cpp normal arm64 c++ com.apple.compilers.llvm.clang.1_0.compiler (in target 'AetherfieldAUExtension' from project 'Aetherfield')
    cd /Users/artbox/Documents/Repos/aetherfield/platform/apple
    
    Using response file: /Users/artbox/Library/Developer/Xcode/DerivedData/Aetherfield-bmpuuhknfhxszvalsxinbuvnsjlw/Build/Intermediates.noindex/Aetherfield.build/Release-iphoneos/AetherfieldAUExtension.build/Objects-normal/arm64/82b82416624d2658e5098eb0a28c15c5-common-args.resp
    
    /Applications/Xcode.app/Contents/Developer/Toolchains/XcodeDefault.xctoolchain/usr/bin/clang -x c++ -ivfsstatcache /Users/artbox/Library/Developer/Xcode/DerivedData/SDKStatCaches.noindex/iphoneos27.0-24A430-6c78b3cbc238196c85e1bf6c792c5915.sdkstatcache -target arm64-apple-ios26.0 -fmessage-length\=0 -fdiagnostics-show-note-include-stack -fmacro-backtrace-limit\=0 -fno-color-diagnostics -fmodules-prune-interval\=86400 -fmodules-prune-after\=345600 -fbuild-session-file\=/Users/artbox/Library/Developer/Xcode/DerivedData/ModuleCache.noindex/Session.modulevalidation -fmodules-validate-once-per-build-session -Wnon-modular-include-in-framework-module -Werror\=non-modular-include-in-framework-module -Wno-trigraphs -Wno-missing-field-initializers -Wno-missing-prototypes -Werror\=return-type -Wdocumentation -Wunreachable-code -Wquoted-include-in-framework-header -Werror\=deprecated-objc-isa-usage -Werror\=objc-root-class -Wno-non-virtual-dtor -Wno-overloaded-virtual -Wno-exit-time-destructors -Wno-missing-braces -Wparentheses -Wswitch -Wunused-function -Wno-unused-label -Wno-unused-parameter -Wunused-variable -Wunused-value -Wempty-body -Wuninitialized -Wconditional-uninitialized -Wno-unknown-pragmas -Wno-shadow -Wno-four-char-constants -Wno-conversion -Wconstant-conversion -Wint-conversion -Wbool-conversion -Wenum-conversion -Wno-float-conversion -Wnon-literal-null-conversion -Wobjc-literal-conversion -Wshorten-64-to-32 -Wno-newline-eof -Wno-c++11-extensions -Wno-implicit-fallthrough -isysroot /Applications/Xcode.app/Contents/Developer/Platforms/iPhoneOS.platform/Developer/SDKs/iPhoneOS27.0.sdk -fstrict-aliasing -Wdeprecated-declarations -Winvalid-offsetof -Wno-sign-conversion -Winfinite-recursion -Wmove -Wcomma -Wblock-capture-autoreleasing -Wstrict-prototypes -Wrange-loop-analysis -Wno-semicolon-before-method-body -Wunguarded-availability @/Users/artbox/Library/Developer/Xcode/DerivedData/Aetherfield-bmpuuhknfhxszvalsxinbuvnsjlw/Build/Intermediates.noindex/Aetherfield.build/Release-iphoneos/AetherfieldAUExtension.build/Objects-normal/arm64/82b82416624d2658e5098eb0a28c15c5-common-args.resp -MMD -MT dependencies -MF /Users/artbox/Library/Developer/Xcode/DerivedData/Aetherfield-bmpuuhknfhxszvalsxinbuvnsjlw/Build/Intermediates.noindex/Aetherfield.build/Release-iphoneos/AetherfieldAUExtension.build/Objects-normal/arm64/TailSilenceBound.d --serialize-diagnostics /Users/artbox/Library/Developer/Xcode/DerivedData/Aetherfield-bmpuuhknfhxszvalsxinbuvnsjlw/Build/Intermediates.noindex/Aetherfield.build/Release-iphoneos/AetherfieldAUExtension.build/Objects-normal/arm64/TailSilenceBound.dia -c /Users/artbox/Documents/Repos/aetherfield/src/dsp/TailSilenceBound.cpp -o /Users/artbox/Library/Developer/Xcode/DerivedData/Aetherfield-bmpuuhknfhxszvalsxinbuvnsjlw/Build/Intermediates.noindex/Aetherfield.build/Release-iphoneos/AetherfieldAUExtension.build/Objects-normal/arm64/TailSilenceBound.o

CompileC /Users/artbox/Library/Developer/Xcode/DerivedData/Aetherfield-bmpuuhknfhxszvalsxinbuvnsjlw/Build/Intermediates.noindex/Aetherfield.build/Release-iphoneos/AetherfieldAUExtension.build/Objects-normal/arm64/SchroederAllpass.o /Users/artbox/Documents/Repos/aetherfield/src/dsp/SchroederAllpass.cpp normal arm64 c++ com.apple.compilers.llvm.clang.1_0.compiler (in target 'AetherfieldAUExtension' from project 'Aetherfield')
    cd /Users/artbox/Documents/Repos/aetherfield/platform/apple
    
    Using response file: /Users/artbox/Library/Developer/Xcode/DerivedData/Aetherfield-bmpuuhknfhxszvalsxinbuvnsjlw/Build/Intermediates.noindex/Aetherfield.build/Release-iphoneos/AetherfieldAUExtension.build/Objects-normal/arm64/82b82416624d2658e5098eb0a28c15c5-common-args.resp
    
    /Applications/Xcode.app/Contents/Developer/Toolchains/XcodeDefault.xctoolchain/usr/bin/clang -x c++ -ivfsstatcache /Users/artbox/Library/Developer/Xcode/DerivedData/SDKStatCaches.noindex/iphoneos27.0-24A430-6c78b3cbc238196c85e1bf6c792c5915.sdkstatcache -target arm64-apple-ios26.0 -fmessage-length\=0 -fdiagnostics-show-note-include-stack -fmacro-backtrace-limit\=0 -fno-color-diagnostics -fmodules-prune-interval\=86400 -fmodules-prune-after\=345600 -fbuild-session-file\=/Users/artbox/Library/Developer/Xcode/DerivedData/ModuleCache.noindex/Session.modulevalidation -fmodules-validate-once-per-build-session -Wnon-modular-include-in-framework-module -Werror\=non-modular-include-in-framework-module -Wno-trigraphs -Wno-missing-field-initializers -Wno-missing-prototypes -Werror\=return-type -Wdocumentation -Wunreachable-code -Wquoted-include-in-framework-header -Werror\=deprecated-objc-isa-usage -Werror\=objc-root-class -Wno-non-virtual-dtor -Wno-overloaded-virtual -Wno-exit-time-destructors -Wno-missing-braces -Wparentheses -Wswitch -Wunused-function -Wno-unused-label -Wno-unused-parameter -Wunused-variable -Wunused-value -Wempty-body -Wuninitialized -Wconditional-uninitialized -Wno-unknown-pragmas -Wno-shadow -Wno-four-char-constants -Wno-conversion -Wconstant-conversion -Wint-conversion -Wbool-conversion -Wenum-conversion -Wno-float-conversion -Wnon-literal-null-conversion -Wobjc-literal-conversion -Wshorten-64-to-32 -Wno-newline-eof -Wno-c++11-extensions -Wno-implicit-fallthrough -isysroot /Applications/Xcode.app/Contents/Developer/Platforms/iPhoneOS.platform/Developer/SDKs/iPhoneOS27.0.sdk -fstrict-aliasing -Wdeprecated-declarations -Winvalid-offsetof -Wno-sign-conversion -Winfinite-recursion -Wmove -Wcomma -Wblock-capture-autoreleasing -Wstrict-prototypes -Wrange-loop-analysis -Wno-semicolon-before-method-body -Wunguarded-availability @/Users/artbox/Library/Developer/Xcode/DerivedData/Aetherfield-bmpuuhknfhxszvalsxinbuvnsjlw/Build/Intermediates.noindex/Aetherfield.build/Release-iphoneos/AetherfieldAUExtension.build/Objects-normal/arm64/82b82416624d2658e5098eb0a28c15c5-common-args.resp -MMD -MT dependencies -MF /Users/artbox/Library/Developer/Xcode/DerivedData/Aetherfield-bmpuuhknfhxszvalsxinbuvnsjlw/Build/Intermediates.noindex/Aetherfield.build/Release-iphoneos/AetherfieldAUExtension.build/Objects-normal/arm64/SchroederAllpass.d --serialize-diagnostics /Users/artbox/Library/Developer/Xcode/DerivedData/Aetherfield-bmpuuhknfhxszvalsxinbuvnsjlw/Build/Intermediates.noindex/Aetherfield.build/Release-iphoneos/AetherfieldAUExtension.build/Objects-normal/arm64/SchroederAllpass.dia -c /Users/artbox/Documents/Repos/aetherfield/src/dsp/SchroederAllpass.cpp -o /Users/artbox/Library/Developer/Xcode/DerivedData/Aetherfield-bmpuuhknfhxszvalsxinbuvnsjlw/Build/Intermediates.noindex/Aetherfield.build/Release-iphoneos/AetherfieldAUExtension.build/Objects-normal/arm64/SchroederAllpass.o

CompileC /Users/artbox/Library/Developer/Xcode/DerivedData/Aetherfield-bmpuuhknfhxszvalsxinbuvnsjlw/Build/Intermediates.noindex/Aetherfield.build/Release-iphoneos/AetherfieldAUExtension.build/Objects-normal/arm64/ParameterAutomation.o /Users/artbox/Documents/Repos/aetherfield/src/dsp/ParameterAutomation.cpp normal arm64 c++ com.apple.compilers.llvm.clang.1_0.compiler (in target 'AetherfieldAUExtension' from project 'Aetherfield')
    cd /Users/artbox/Documents/Repos/aetherfield/platform/apple
    
    Using response file: /Users/artbox/Library/Developer/Xcode/DerivedData/Aetherfield-bmpuuhknfhxszvalsxinbuvnsjlw/Build/Intermediates.noindex/Aetherfield.build/Release-iphoneos/AetherfieldAUExtension.build/Objects-normal/arm64/82b82416624d2658e5098eb0a28c15c5-common-args.resp
    
    /Applications/Xcode.app/Contents/Developer/Toolchains/XcodeDefault.xctoolchain/usr/bin/clang -x c++ -ivfsstatcache /Users/artbox/Library/Developer/Xcode/DerivedData/SDKStatCaches.noindex/iphoneos27.0-24A430-6c78b3cbc238196c85e1bf6c792c5915.sdkstatcache -target arm64-apple-ios26.0 -fmessage-length\=0 -fdiagnostics-show-note-include-stack -fmacro-backtrace-limit\=0 -fno-color-diagnostics -fmodules-prune-interval\=86400 -fmodules-prune-after\=345600 -fbuild-session-file\=/Users/artbox/Library/Developer/Xcode/DerivedData/ModuleCache.noindex/Session.modulevalidation -fmodules-validate-once-per-build-session -Wnon-modular-include-in-framework-module -Werror\=non-modular-include-in-framework-module -Wno-trigraphs -Wno-missing-field-initializers -Wno-missing-prototypes -Werror\=return-type -Wdocumentation -Wunreachable-code -Wquoted-include-in-framework-header -Werror\=deprecated-objc-isa-usage -Werror\=objc-root-class -Wno-non-virtual-dtor -Wno-overloaded-virtual -Wno-exit-time-destructors -Wno-missing-braces -Wparentheses -Wswitch -Wunused-function -Wno-unused-label -Wno-unused-parameter -Wunused-variable -Wunused-value -Wempty-body -Wuninitialized -Wconditional-uninitialized -Wno-unknown-pragmas -Wno-shadow -Wno-four-char-constants -Wno-conversion -Wconstant-conversion -Wint-conversion -Wbool-conversion -Wenum-conversion -Wno-float-conversion -Wnon-literal-null-conversion -Wobjc-literal-conversion -Wshorten-64-to-32 -Wno-newline-eof -Wno-c++11-extensions -Wno-implicit-fallthrough -isysroot /Applications/Xcode.app/Contents/Developer/Platforms/iPhoneOS.platform/Developer/SDKs/iPhoneOS27.0.sdk -fstrict-aliasing -Wdeprecated-declarations -Winvalid-offsetof -Wno-sign-conversion -Winfinite-recursion -Wmove -Wcomma -Wblock-capture-autoreleasing -Wstrict-prototypes -Wrange-loop-analysis -Wno-semicolon-before-method-body -Wunguarded-availability @/Users/artbox/Library/Developer/Xcode/DerivedData/Aetherfield-bmpuuhknfhxszvalsxinbuvnsjlw/Build/Intermediates.noindex/Aetherfield.build/Release-iphoneos/AetherfieldAUExtension.build/Objects-normal/arm64/82b82416624d2658e5098eb0a28c15c5-common-args.resp -MMD -MT dependencies -MF /Users/artbox/Library/Developer/Xcode/DerivedData/Aetherfield-bmpuuhknfhxszvalsxinbuvnsjlw/Build/Intermediates.noindex/Aetherfield.build/Release-iphoneos/AetherfieldAUExtension.build/Objects-normal/arm64/ParameterAutomation.d --serialize-diagnostics /Users/artbox/Library/Developer/Xcode/DerivedData/Aetherfield-bmpuuhknfhxszvalsxinbuvnsjlw/Build/Intermediates.noindex/Aetherfield.build/Release-iphoneos/AetherfieldAUExtension.build/Objects-normal/arm64/ParameterAutomation.dia -c /Users/artbox/Documents/Repos/aetherfield/src/dsp/ParameterAutomation.cpp -o /Users/artbox/Library/Developer/Xcode/DerivedData/Aetherfield-bmpuuhknfhxszvalsxinbuvnsjlw/Build/Intermediates.noindex/Aetherfield.build/Release-iphoneos/AetherfieldAUExtension.build/Objects-normal/arm64/ParameterAutomation.o

CompileC /Users/artbox/Library/Developer/Xcode/DerivedData/Aetherfield-bmpuuhknfhxszvalsxinbuvnsjlw/Build/Intermediates.noindex/Aetherfield.build/Release-iphoneos/AetherfieldAUExtension.build/Objects-normal/arm64/HybridBypassController.o /Users/artbox/Documents/Repos/aetherfield/src/wrapper/HybridBypassController.cpp normal arm64 c++ com.apple.compilers.llvm.clang.1_0.compiler (in target 'AetherfieldAUExtension' from project 'Aetherfield')
    cd /Users/artbox/Documents/Repos/aetherfield/platform/apple
    
    Using response file: /Users/artbox/Library/Developer/Xcode/DerivedData/Aetherfield-bmpuuhknfhxszvalsxinbuvnsjlw/Build/Intermediates.noindex/Aetherfield.build/Release-iphoneos/AetherfieldAUExtension.build/Objects-normal/arm64/82b82416624d2658e5098eb0a28c15c5-common-args.resp
    
    /Applications/Xcode.app/Contents/Developer/Toolchains/XcodeDefault.xctoolchain/usr/bin/clang -x c++ -ivfsstatcache /Users/artbox/Library/Developer/Xcode/DerivedData/SDKStatCaches.noindex/iphoneos27.0-24A430-6c78b3cbc238196c85e1bf6c792c5915.sdkstatcache -target arm64-apple-ios26.0 -fmessage-length\=0 -fdiagnostics-show-note-include-stack -fmacro-backtrace-limit\=0 -fno-color-diagnostics -fmodules-prune-interval\=86400 -fmodules-prune-after\=345600 -fbuild-session-file\=/Users/artbox/Library/Developer/Xcode/DerivedData/ModuleCache.noindex/Session.modulevalidation -fmodules-validate-once-per-build-session -Wnon-modular-include-in-framework-module -Werror\=non-modular-include-in-framework-module -Wno-trigraphs -Wno-missing-field-initializers -Wno-missing-prototypes -Werror\=return-type -Wdocumentation -Wunreachable-code -Wquoted-include-in-framework-header -Werror\=deprecated-objc-isa-usage -Werror\=objc-root-class -Wno-non-virtual-dtor -Wno-overloaded-virtual -Wno-exit-time-destructors -Wno-missing-braces -Wparentheses -Wswitch -Wunused-function -Wno-unused-label -Wno-unused-parameter -Wunused-variable -Wunused-value -Wempty-body -Wuninitialized -Wconditional-uninitialized -Wno-unknown-pragmas -Wno-shadow -Wno-four-char-constants -Wno-conversion -Wconstant-conversion -Wint-conversion -Wbool-conversion -Wenum-conversion -Wno-float-conversion -Wnon-literal-null-conversion -Wobjc-literal-conversion -Wshorten-64-to-32 -Wno-newline-eof -Wno-c++11-extensions -Wno-implicit-fallthrough -isysroot /Applications/Xcode.app/Contents/Developer/Platforms/iPhoneOS.platform/Developer/SDKs/iPhoneOS27.0.sdk -fstrict-aliasing -Wdeprecated-declarations -Winvalid-offsetof -Wno-sign-conversion -Winfinite-recursion -Wmove -Wcomma -Wblock-capture-autoreleasing -Wstrict-prototypes -Wrange-loop-analysis -Wno-semicolon-before-method-body -Wunguarded-availability @/Users/artbox/Library/Developer/Xcode/DerivedData/Aetherfield-bmpuuhknfhxszvalsxinbuvnsjlw/Build/Intermediates.noindex/Aetherfield.build/Release-iphoneos/AetherfieldAUExtension.build/Objects-normal/arm64/82b82416624d2658e5098eb0a28c15c5-common-args.resp -MMD -MT dependencies -MF /Users/artbox/Library/Developer/Xcode/DerivedData/Aetherfield-bmpuuhknfhxszvalsxinbuvnsjlw/Build/Intermediates.noindex/Aetherfield.build/Release-iphoneos/AetherfieldAUExtension.build/Objects-normal/arm64/HybridBypassController.d --serialize-diagnostics /Users/artbox/Library/Developer/Xcode/DerivedData/Aetherfield-bmpuuhknfhxszvalsxinbuvnsjlw/Build/Intermediates.noindex/Aetherfield.build/Release-iphoneos/AetherfieldAUExtension.build/Objects-normal/arm64/HybridBypassController.dia -c /Users/artbox/Documents/Repos/aetherfield/src/wrapper/HybridBypassController.cpp -o /Users/artbox/Library/Developer/Xcode/DerivedData/Aetherfield-bmpuuhknfhxszvalsxinbuvnsjlw/Build/Intermediates.noindex/Aetherfield.build/Release-iphoneos/AetherfieldAUExtension.build/Objects-normal/arm64/HybridBypassController.o

CompileC /Users/artbox/Library/Developer/Xcode/DerivedData/Aetherfield-bmpuuhknfhxszvalsxinbuvnsjlw/Build/Intermediates.noindex/Aetherfield.build/Release-iphoneos/AetherfieldAUExtension.build/Objects-normal/arm64/GainProcessor.o /Users/artbox/Documents/Repos/aetherfield/src/dsp/GainProcessor.cpp normal arm64 c++ com.apple.compilers.llvm.clang.1_0.compiler (in target 'AetherfieldAUExtension' from project 'Aetherfield')
    cd /Users/artbox/Documents/Repos/aetherfield/platform/apple
    
    Using response file: /Users/artbox/Library/Developer/Xcode/DerivedData/Aetherfield-bmpuuhknfhxszvalsxinbuvnsjlw/Build/Intermediates.noindex/Aetherfield.build/Release-iphoneos/AetherfieldAUExtension.build/Objects-normal/arm64/82b82416624d2658e5098eb0a28c15c5-common-args.resp
    
    /Applications/Xcode.app/Contents/Developer/Toolchains/XcodeDefault.xctoolchain/usr/bin/clang -x c++ -ivfsstatcache /Users/artbox/Library/Developer/Xcode/DerivedData/SDKStatCaches.noindex/iphoneos27.0-24A430-6c78b3cbc238196c85e1bf6c792c5915.sdkstatcache -target arm64-apple-ios26.0 -fmessage-length\=0 -fdiagnostics-show-note-include-stack -fmacro-backtrace-limit\=0 -fno-color-diagnostics -fmodules-prune-interval\=86400 -fmodules-prune-after\=345600 -fbuild-session-file\=/Users/artbox/Library/Developer/Xcode/DerivedData/ModuleCache.noindex/Session.modulevalidation -fmodules-validate-once-per-build-session -Wnon-modular-include-in-framework-module -Werror\=non-modular-include-in-framework-module -Wno-trigraphs -Wno-missing-field-initializers -Wno-missing-prototypes -Werror\=return-type -Wdocumentation -Wunreachable-code -Wquoted-include-in-framework-header -Werror\=deprecated-objc-isa-usage -Werror\=objc-root-class -Wno-non-virtual-dtor -Wno-overloaded-virtual -Wno-exit-time-destructors -Wno-missing-braces -Wparentheses -Wswitch -Wunused-function -Wno-unused-label -Wno-unused-parameter -Wunused-variable -Wunused-value -Wempty-body -Wuninitialized -Wconditional-uninitialized -Wno-unknown-pragmas -Wno-shadow -Wno-four-char-constants -Wno-conversion -Wconstant-conversion -Wint-conversion -Wbool-conversion -Wenum-conversion -Wno-float-conversion -Wnon-literal-null-conversion -Wobjc-literal-conversion -Wshorten-64-to-32 -Wno-newline-eof -Wno-c++11-extensions -Wno-implicit-fallthrough -isysroot /Applications/Xcode.app/Contents/Developer/Platforms/iPhoneOS.platform/Developer/SDKs/iPhoneOS27.0.sdk -fstrict-aliasing -Wdeprecated-declarations -Winvalid-offsetof -Wno-sign-conversion -Winfinite-recursion -Wmove -Wcomma -Wblock-capture-autoreleasing -Wstrict-prototypes -Wrange-loop-analysis -Wno-semicolon-before-method-body -Wunguarded-availability @/Users/artbox/Library/Developer/Xcode/DerivedData/Aetherfield-bmpuuhknfhxszvalsxinbuvnsjlw/Build/Intermediates.noindex/Aetherfield.build/Release-iphoneos/AetherfieldAUExtension.build/Objects-normal/arm64/82b82416624d2658e5098eb0a28c15c5-common-args.resp -MMD -MT dependencies -MF /Users/artbox/Library/Developer/Xcode/DerivedData/Aetherfield-bmpuuhknfhxszvalsxinbuvnsjlw/Build/Intermediates.noindex/Aetherfield.build/Release-iphoneos/AetherfieldAUExtension.build/Objects-normal/arm64/GainProcessor.d --serialize-diagnostics /Users/artbox/Library/Developer/Xcode/DerivedData/Aetherfield-bmpuuhknfhxszvalsxinbuvnsjlw/Build/Intermediates.noindex/Aetherfield.build/Release-iphoneos/AetherfieldAUExtension.build/Objects-normal/arm64/GainProcessor.dia -c /Users/artbox/Documents/Repos/aetherfield/src/dsp/GainProcessor.cpp -o /Users/artbox/Library/Developer/Xcode/DerivedData/Aetherfield-bmpuuhknfhxszvalsxinbuvnsjlw/Build/Intermediates.noindex/Aetherfield.build/Release-iphoneos/AetherfieldAUExtension.build/Objects-normal/arm64/GainProcessor.o

CompileC /Users/artbox/Library/Developer/Xcode/DerivedData/Aetherfield-bmpuuhknfhxszvalsxinbuvnsjlw/Build/Intermediates.noindex/Aetherfield.build/Release-iphoneos/AetherfieldAUExtension.build/Objects-normal/arm64/DiffusionStereoPath.o /Users/artbox/Documents/Repos/aetherfield/src/dsp/DiffusionStereoPath.cpp normal arm64 c++ com.apple.compilers.llvm.clang.1_0.compiler (in target 'AetherfieldAUExtension' from project 'Aetherfield')
    cd /Users/artbox/Documents/Repos/aetherfield/platform/apple
    
    Using response file: /Users/artbox/Library/Developer/Xcode/DerivedData/Aetherfield-bmpuuhknfhxszvalsxinbuvnsjlw/Build/Intermediates.noindex/Aetherfield.build/Release-iphoneos/AetherfieldAUExtension.build/Objects-normal/arm64/82b82416624d2658e5098eb0a28c15c5-common-args.resp
    
    /Applications/Xcode.app/Contents/Developer/Toolchains/XcodeDefault.xctoolchain/usr/bin/clang -x c++ -ivfsstatcache /Users/artbox/Library/Developer/Xcode/DerivedData/SDKStatCaches.noindex/iphoneos27.0-24A430-6c78b3cbc238196c85e1bf6c792c5915.sdkstatcache -target arm64-apple-ios26.0 -fmessage-length\=0 -fdiagnostics-show-note-include-stack -fmacro-backtrace-limit\=0 -fno-color-diagnostics -fmodules-prune-interval\=86400 -fmodules-prune-after\=345600 -fbuild-session-file\=/Users/artbox/Library/Developer/Xcode/DerivedData/ModuleCache.noindex/Session.modulevalidation -fmodules-validate-once-per-build-session -Wnon-modular-include-in-framework-module -Werror\=non-modular-include-in-framework-module -Wno-trigraphs -Wno-missing-field-initializers -Wno-missing-prototypes -Werror\=return-type -Wdocumentation -Wunreachable-code -Wquoted-include-in-framework-header -Werror\=deprecated-objc-isa-usage -Werror\=objc-root-class -Wno-non-virtual-dtor -Wno-overloaded-virtual -Wno-exit-time-destructors -Wno-missing-braces -Wparentheses -Wswitch -Wunused-function -Wno-unused-label -Wno-unused-parameter -Wunused-variable -Wunused-value -Wempty-body -Wuninitialized -Wconditional-uninitialized -Wno-unknown-pragmas -Wno-shadow -Wno-four-char-constants -Wno-conversion -Wconstant-conversion -Wint-conversion -Wbool-conversion -Wenum-conversion -Wno-float-conversion -Wnon-literal-null-conversion -Wobjc-literal-conversion -Wshorten-64-to-32 -Wno-newline-eof -Wno-c++11-extensions -Wno-implicit-fallthrough -isysroot /Applications/Xcode.app/Contents/Developer/Platforms/iPhoneOS.platform/Developer/SDKs/iPhoneOS27.0.sdk -fstrict-aliasing -Wdeprecated-declarations -Winvalid-offsetof -Wno-sign-conversion -Winfinite-recursion -Wmove -Wcomma -Wblock-capture-autoreleasing -Wstrict-prototypes -Wrange-loop-analysis -Wno-semicolon-before-method-body -Wunguarded-availability @/Users/artbox/Library/Developer/Xcode/DerivedData/Aetherfield-bmpuuhknfhxszvalsxinbuvnsjlw/Build/Intermediates.noindex/Aetherfield.build/Release-iphoneos/AetherfieldAUExtension.build/Objects-normal/arm64/82b82416624d2658e5098eb0a28c15c5-common-args.resp -MMD -MT dependencies -MF /Users/artbox/Library/Developer/Xcode/DerivedData/Aetherfield-bmpuuhknfhxszvalsxinbuvnsjlw/Build/Intermediates.noindex/Aetherfield.build/Release-iphoneos/AetherfieldAUExtension.build/Objects-normal/arm64/DiffusionStereoPath.d --serialize-diagnostics /Users/artbox/Library/Developer/Xcode/DerivedData/Aetherfield-bmpuuhknfhxszvalsxinbuvnsjlw/Build/Intermediates.noindex/Aetherfield.build/Release-iphoneos/AetherfieldAUExtension.build/Objects-normal/arm64/DiffusionStereoPath.dia -c /Users/artbox/Documents/Repos/aetherfield/src/dsp/DiffusionStereoPath.cpp -o /Users/artbox/Library/Developer/Xcode/DerivedData/Aetherfield-bmpuuhknfhxszvalsxinbuvnsjlw/Build/Intermediates.noindex/Aetherfield.build/Release-iphoneos/AetherfieldAUExtension.build/Objects-normal/arm64/DiffusionStereoPath.o

CompileC /Users/artbox/Library/Developer/Xcode/DerivedData/Aetherfield-bmpuuhknfhxszvalsxinbuvnsjlw/Build/Intermediates.noindex/Aetherfield.build/Release-iphoneos/AetherfieldAUExtension.build/Objects-normal/arm64/FeedbackDelayNetwork.o /Users/artbox/Documents/Repos/aetherfield/src/dsp/FeedbackDelayNetwork.cpp normal arm64 c++ com.apple.compilers.llvm.clang.1_0.compiler (in target 'AetherfieldAUExtension' from project 'Aetherfield')
    cd /Users/artbox/Documents/Repos/aetherfield/platform/apple
    
    Using response file: /Users/artbox/Library/Developer/Xcode/DerivedData/Aetherfield-bmpuuhknfhxszvalsxinbuvnsjlw/Build/Intermediates.noindex/Aetherfield.build/Release-iphoneos/AetherfieldAUExtension.build/Objects-normal/arm64/82b82416624d2658e5098eb0a28c15c5-common-args.resp
    
    /Applications/Xcode.app/Contents/Developer/Toolchains/XcodeDefault.xctoolchain/usr/bin/clang -x c++ -ivfsstatcache /Users/artbox/Library/Developer/Xcode/DerivedData/SDKStatCaches.noindex/iphoneos27.0-24A430-6c78b3cbc238196c85e1bf6c792c5915.sdkstatcache -target arm64-apple-ios26.0 -fmessage-length\=0 -fdiagnostics-show-note-include-stack -fmacro-backtrace-limit\=0 -fno-color-diagnostics -fmodules-prune-interval\=86400 -fmodules-prune-after\=345600 -fbuild-session-file\=/Users/artbox/Library/Developer/Xcode/DerivedData/ModuleCache.noindex/Session.modulevalidation -fmodules-validate-once-per-build-session -Wnon-modular-include-in-framework-module -Werror\=non-modular-include-in-framework-module -Wno-trigraphs -Wno-missing-field-initializers -Wno-missing-prototypes -Werror\=return-type -Wdocumentation -Wunreachable-code -Wquoted-include-in-framework-header -Werror\=deprecated-objc-isa-usage -Werror\=objc-root-class -Wno-non-virtual-dtor -Wno-overloaded-virtual -Wno-exit-time-destructors -Wno-missing-braces -Wparentheses -Wswitch -Wunused-function -Wno-unused-label -Wno-unused-parameter -Wunused-variable -Wunused-value -Wempty-body -Wuninitialized -Wconditional-uninitialized -Wno-unknown-pragmas -Wno-shadow -Wno-four-char-constants -Wno-conversion -Wconstant-conversion -Wint-conversion -Wbool-conversion -Wenum-conversion -Wno-float-conversion -Wnon-literal-null-conversion -Wobjc-literal-conversion -Wshorten-64-to-32 -Wno-newline-eof -Wno-c++11-extensions -Wno-implicit-fallthrough -isysroot /Applications/Xcode.app/Contents/Developer/Platforms/iPhoneOS.platform/Developer/SDKs/iPhoneOS27.0.sdk -fstrict-aliasing -Wdeprecated-declarations -Winvalid-offsetof -Wno-sign-conversion -Winfinite-recursion -Wmove -Wcomma -Wblock-capture-autoreleasing -Wstrict-prototypes -Wrange-loop-analysis -Wno-semicolon-before-method-body -Wunguarded-availability @/Users/artbox/Library/Developer/Xcode/DerivedData/Aetherfield-bmpuuhknfhxszvalsxinbuvnsjlw/Build/Intermediates.noindex/Aetherfield.build/Release-iphoneos/AetherfieldAUExtension.build/Objects-normal/arm64/82b82416624d2658e5098eb0a28c15c5-common-args.resp -MMD -MT dependencies -MF /Users/artbox/Library/Developer/Xcode/DerivedData/Aetherfield-bmpuuhknfhxszvalsxinbuvnsjlw/Build/Intermediates.noindex/Aetherfield.build/Release-iphoneos/AetherfieldAUExtension.build/Objects-normal/arm64/FeedbackDelayNetwork.d --serialize-diagnostics /Users/artbox/Library/Developer/Xcode/DerivedData/Aetherfield-bmpuuhknfhxszvalsxinbuvnsjlw/Build/Intermediates.noindex/Aetherfield.build/Release-iphoneos/AetherfieldAUExtension.build/Objects-normal/arm64/FeedbackDelayNetwork.dia -c /Users/artbox/Documents/Repos/aetherfield/src/dsp/FeedbackDelayNetwork.cpp -o /Users/artbox/Library/Developer/Xcode/DerivedData/Aetherfield-bmpuuhknfhxszvalsxinbuvnsjlw/Build/Intermediates.noindex/Aetherfield.build/Release-iphoneos/AetherfieldAUExtension.build/Objects-normal/arm64/FeedbackDelayNetwork.o

CompileC /Users/artbox/Library/Developer/Xcode/DerivedData/Aetherfield-bmpuuhknfhxszvalsxinbuvnsjlw/Build/Intermediates.noindex/Aetherfield.build/Release-iphoneos/AetherfieldAUExtension.build/Objects-normal/arm64/ParameterBridge.o /Users/artbox/Documents/Repos/aetherfield/src/wrapper/ParameterBridge.cpp normal arm64 c++ com.apple.compilers.llvm.clang.1_0.compiler (in target 'AetherfieldAUExtension' from project 'Aetherfield')
    cd /Users/artbox/Documents/Repos/aetherfield/platform/apple
    
    Using response file: /Users/artbox/Library/Developer/Xcode/DerivedData/Aetherfield-bmpuuhknfhxszvalsxinbuvnsjlw/Build/Intermediates.noindex/Aetherfield.build/Release-iphoneos/AetherfieldAUExtension.build/Objects-normal/arm64/82b82416624d2658e5098eb0a28c15c5-common-args.resp
    
    /Applications/Xcode.app/Contents/Developer/Toolchains/XcodeDefault.xctoolchain/usr/bin/clang -x c++ -ivfsstatcache /Users/artbox/Library/Developer/Xcode/DerivedData/SDKStatCaches.noindex/iphoneos27.0-24A430-6c78b3cbc238196c85e1bf6c792c5915.sdkstatcache -target arm64-apple-ios26.0 -fmessage-length\=0 -fdiagnostics-show-note-include-stack -fmacro-backtrace-limit\=0 -fno-color-diagnostics -fmodules-prune-interval\=86400 -fmodules-prune-after\=345600 -fbuild-session-file\=/Users/artbox/Library/Developer/Xcode/DerivedData/ModuleCache.noindex/Session.modulevalidation -fmodules-validate-once-per-build-session -Wnon-modular-include-in-framework-module -Werror\=non-modular-include-in-framework-module -Wno-trigraphs -Wno-missing-field-initializers -Wno-missing-prototypes -Werror\=return-type -Wdocumentation -Wunreachable-code -Wquoted-include-in-framework-header -Werror\=deprecated-objc-isa-usage -Werror\=objc-root-class -Wno-non-virtual-dtor -Wno-overloaded-virtual -Wno-exit-time-destructors -Wno-missing-braces -Wparentheses -Wswitch -Wunused-function -Wno-unused-label -Wno-unused-parameter -Wunused-variable -Wunused-value -Wempty-body -Wuninitialized -Wconditional-uninitialized -Wno-unknown-pragmas -Wno-shadow -Wno-four-char-constants -Wno-conversion -Wconstant-conversion -Wint-conversion -Wbool-conversion -Wenum-conversion -Wno-float-conversion -Wnon-literal-null-conversion -Wobjc-literal-conversion -Wshorten-64-to-32 -Wno-newline-eof -Wno-c++11-extensions -Wno-implicit-fallthrough -isysroot /Applications/Xcode.app/Contents/Developer/Platforms/iPhoneOS.platform/Developer/SDKs/iPhoneOS27.0.sdk -fstrict-aliasing -Wdeprecated-declarations -Winvalid-offsetof -Wno-sign-conversion -Winfinite-recursion -Wmove -Wcomma -Wblock-capture-autoreleasing -Wstrict-prototypes -Wrange-loop-analysis -Wno-semicolon-before-method-body -Wunguarded-availability @/Users/artbox/Library/Developer/Xcode/DerivedData/Aetherfield-bmpuuhknfhxszvalsxinbuvnsjlw/Build/Intermediates.noindex/Aetherfield.build/Release-iphoneos/AetherfieldAUExtension.build/Objects-normal/arm64/82b82416624d2658e5098eb0a28c15c5-common-args.resp -MMD -MT dependencies -MF /Users/artbox/Library/Developer/Xcode/DerivedData/Aetherfield-bmpuuhknfhxszvalsxinbuvnsjlw/Build/Intermediates.noindex/Aetherfield.build/Release-iphoneos/AetherfieldAUExtension.build/Objects-normal/arm64/ParameterBridge.d --serialize-diagnostics /Users/artbox/Library/Developer/Xcode/DerivedData/Aetherfield-bmpuuhknfhxszvalsxinbuvnsjlw/Build/Intermediates.noindex/Aetherfield.build/Release-iphoneos/AetherfieldAUExtension.build/Objects-normal/arm64/ParameterBridge.dia -c /Users/artbox/Documents/Repos/aetherfield/src/wrapper/ParameterBridge.cpp -o /Users/artbox/Library/Developer/Xcode/DerivedData/Aetherfield-bmpuuhknfhxszvalsxinbuvnsjlw/Build/Intermediates.noindex/Aetherfield.build/Release-iphoneos/AetherfieldAUExtension.build/Objects-normal/arm64/ParameterBridge.o

CompileC /Users/artbox/Library/Developer/Xcode/DerivedData/Aetherfield-bmpuuhknfhxszvalsxinbuvnsjlw/Build/Intermediates.noindex/Aetherfield.build/Release-iphoneos/AetherfieldAUExtension.build/Objects-normal/arm64/DelayLine.o /Users/artbox/Documents/Repos/aetherfield/src/dsp/DelayLine.cpp normal arm64 c++ com.apple.compilers.llvm.clang.1_0.compiler (in target 'AetherfieldAUExtension' from project 'Aetherfield')
    cd /Users/artbox/Documents/Repos/aetherfield/platform/apple
    
    Using response file: /Users/artbox/Library/Developer/Xcode/DerivedData/Aetherfield-bmpuuhknfhxszvalsxinbuvnsjlw/Build/Intermediates.noindex/Aetherfield.build/Release-iphoneos/AetherfieldAUExtension.build/Objects-normal/arm64/82b82416624d2658e5098eb0a28c15c5-common-args.resp
    
    /Applications/Xcode.app/Contents/Developer/Toolchains/XcodeDefault.xctoolchain/usr/bin/clang -x c++ -ivfsstatcache /Users/artbox/Library/Developer/Xcode/DerivedData/SDKStatCaches.noindex/iphoneos27.0-24A430-6c78b3cbc238196c85e1bf6c792c5915.sdkstatcache -target arm64-apple-ios26.0 -fmessage-length\=0 -fdiagnostics-show-note-include-stack -fmacro-backtrace-limit\=0 -fno-color-diagnostics -fmodules-prune-interval\=86400 -fmodules-prune-after\=345600 -fbuild-session-file\=/Users/artbox/Library/Developer/Xcode/DerivedData/ModuleCache.noindex/Session.modulevalidation -fmodules-validate-once-per-build-session -Wnon-modular-include-in-framework-module -Werror\=non-modular-include-in-framework-module -Wno-trigraphs -Wno-missing-field-initializers -Wno-missing-prototypes -Werror\=return-type -Wdocumentation -Wunreachable-code -Wquoted-include-in-framework-header -Werror\=deprecated-objc-isa-usage -Werror\=objc-root-class -Wno-non-virtual-dtor -Wno-overloaded-virtual -Wno-exit-time-destructors -Wno-missing-braces -Wparentheses -Wswitch -Wunused-function -Wno-unused-label -Wno-unused-parameter -Wunused-variable -Wunused-value -Wempty-body -Wuninitialized -Wconditional-uninitialized -Wno-unknown-pragmas -Wno-shadow -Wno-four-char-constants -Wno-conversion -Wconstant-conversion -Wint-conversion -Wbool-conversion -Wenum-conversion -Wno-float-conversion -Wnon-literal-null-conversion -Wobjc-literal-conversion -Wshorten-64-to-32 -Wno-newline-eof -Wno-c++11-extensions -Wno-implicit-fallthrough -isysroot /Applications/Xcode.app/Contents/Developer/Platforms/iPhoneOS.platform/Developer/SDKs/iPhoneOS27.0.sdk -fstrict-aliasing -Wdeprecated-declarations -Winvalid-offsetof -Wno-sign-conversion -Winfinite-recursion -Wmove -Wcomma -Wblock-capture-autoreleasing -Wstrict-prototypes -Wrange-loop-analysis -Wno-semicolon-before-method-body -Wunguarded-availability @/Users/artbox/Library/Developer/Xcode/DerivedData/Aetherfield-bmpuuhknfhxszvalsxinbuvnsjlw/Build/Intermediates.noindex/Aetherfield.build/Release-iphoneos/AetherfieldAUExtension.build/Objects-normal/arm64/82b82416624d2658e5098eb0a28c15c5-common-args.resp -MMD -MT dependencies -MF /Users/artbox/Library/Developer/Xcode/DerivedData/Aetherfield-bmpuuhknfhxszvalsxinbuvnsjlw/Build/Intermediates.noindex/Aetherfield.build/Release-iphoneos/AetherfieldAUExtension.build/Objects-normal/arm64/DelayLine.d --serialize-diagnostics /Users/artbox/Library/Developer/Xcode/DerivedData/Aetherfield-bmpuuhknfhxszvalsxinbuvnsjlw/Build/Intermediates.noindex/Aetherfield.build/Release-iphoneos/AetherfieldAUExtension.build/Objects-normal/arm64/DelayLine.dia -c /Users/artbox/Documents/Repos/aetherfield/src/dsp/DelayLine.cpp -o /Users/artbox/Library/Developer/Xcode/DerivedData/Aetherfield-bmpuuhknfhxszvalsxinbuvnsjlw/Build/Intermediates.noindex/Aetherfield.build/Release-iphoneos/AetherfieldAUExtension.build/Objects-normal/arm64/DelayLine.o

CompileC /Users/artbox/Library/Developer/Xcode/DerivedData/Aetherfield-bmpuuhknfhxszvalsxinbuvnsjlw/Build/Intermediates.noindex/Aetherfield.build/Release-iphoneos/AetherfieldAUExtension.build/Objects-normal/arm64/AetherfieldAudioUnitFactory.o /Users/artbox/Documents/Repos/aetherfield/src/auv3/AetherfieldAudioUnitFactory.mm normal arm64 objective-c++ com.apple.compilers.llvm.clang.1_0.compiler (in target 'AetherfieldAUExtension' from project 'Aetherfield')
    cd /Users/artbox/Documents/Repos/aetherfield/platform/apple
    
    Using response file: /Users/artbox/Library/Developer/Xcode/DerivedData/Aetherfield-bmpuuhknfhxszvalsxinbuvnsjlw/Build/Intermediates.noindex/Aetherfield.build/Release-iphoneos/AetherfieldAUExtension.build/Objects-normal/arm64/af3fcb34312c57c0f52879cdce924b91-common-args.resp
    
    /Applications/Xcode.app/Contents/Developer/Toolchains/XcodeDefault.xctoolchain/usr/bin/clang -x objective-c++ -ivfsstatcache /Users/artbox/Library/Developer/Xcode/DerivedData/SDKStatCaches.noindex/iphoneos27.0-24A430-6c78b3cbc238196c85e1bf6c792c5915.sdkstatcache -target arm64-apple-ios26.0 -fmessage-length\=0 -fdiagnostics-show-note-include-stack -fmacro-backtrace-limit\=0 -fno-color-diagnostics -fmodules-prune-interval\=86400 -fmodules-prune-after\=345600 -fbuild-session-file\=/Users/artbox/Library/Developer/Xcode/DerivedData/ModuleCache.noindex/Session.modulevalidation -fmodules-validate-once-per-build-session -Wnon-modular-include-in-framework-module -Werror\=non-modular-include-in-framework-module -Wno-trigraphs -Wno-missing-field-initializers -Wno-missing-prototypes -Werror\=return-type -Wdocumentation -Wunreachable-code -Wquoted-include-in-framework-header -Wno-implicit-atomic-properties -Werror\=deprecated-objc-isa-usage -Wno-objc-interface-ivars -Werror\=objc-root-class -Wno-arc-repeated-use-of-weak -Wimplicit-retain-self -Wno-non-virtual-dtor -Wno-overloaded-virtual -Wno-exit-time-destructors -Wduplicate-method-match -Wno-missing-braces -Wparentheses -Wswitch -Wunused-function -Wno-unused-label -Wno-unused-parameter -Wunused-variable -Wunused-value -Wempty-body -Wuninitialized -Wconditional-uninitialized -Wno-unknown-pragmas -Wno-shadow -Wno-four-char-constants -Wno-conversion -Wconstant-conversion -Wint-conversion -Wbool-conversion -Wenum-conversion -Wno-float-conversion -Wnon-literal-null-conversion -Wobjc-literal-conversion -Wshorten-64-to-32 -Wno-newline-eof -Wno-selector -Wno-strict-selector-match -Wundeclared-selector -Wdeprecated-implementations -Wno-c++11-extensions -Wno-implicit-fallthrough -isysroot /Applications/Xcode.app/Contents/Developer/Platforms/iPhoneOS.platform/Developer/SDKs/iPhoneOS27.0.sdk -fstrict-aliasing -Wprotocol -Wdeprecated-declarations -Winvalid-offsetof -Wno-sign-conversion -Winfinite-recursion -Wmove -Wcomma -Wblock-capture-autoreleasing -Wstrict-prototypes -Wrange-loop-analysis -Wno-semicolon-before-method-body -Wunguarded-availability @/Users/artbox/Library/Developer/Xcode/DerivedData/Aetherfield-bmpuuhknfhxszvalsxinbuvnsjlw/Build/Intermediates.noindex/Aetherfield.build/Release-iphoneos/AetherfieldAUExtension.build/Objects-normal/arm64/af3fcb34312c57c0f52879cdce924b91-common-args.resp -MMD -MT dependencies -MF /Users/artbox/Library/Developer/Xcode/DerivedData/Aetherfield-bmpuuhknfhxszvalsxinbuvnsjlw/Build/Intermediates.noindex/Aetherfield.build/Release-iphoneos/AetherfieldAUExtension.build/Objects-normal/arm64/AetherfieldAudioUnitFactory.d --serialize-diagnostics /Users/artbox/Library/Developer/Xcode/DerivedData/Aetherfield-bmpuuhknfhxszvalsxinbuvnsjlw/Build/Intermediates.noindex/Aetherfield.build/Release-iphoneos/AetherfieldAUExtension.build/Objects-normal/arm64/AetherfieldAudioUnitFactory.dia -c /Users/artbox/Documents/Repos/aetherfield/src/auv3/AetherfieldAudioUnitFactory.mm -o /Users/artbox/Library/Developer/Xcode/DerivedData/Aetherfield-bmpuuhknfhxszvalsxinbuvnsjlw/Build/Intermediates.noindex/Aetherfield.build/Release-iphoneos/AetherfieldAUExtension.build/Objects-normal/arm64/AetherfieldAudioUnitFactory.o

CompileC /Users/artbox/Library/Developer/Xcode/DerivedData/Aetherfield-bmpuuhknfhxszvalsxinbuvnsjlw/Build/Intermediates.noindex/Aetherfield.build/Release-iphoneos/AetherfieldAUExtension.build/Objects-normal/arm64/AetherfieldAudioUnit.o /Users/artbox/Documents/Repos/aetherfield/src/auv3/AetherfieldAudioUnit.mm normal arm64 objective-c++ com.apple.compilers.llvm.clang.1_0.compiler (in target 'AetherfieldAUExtension' from project 'Aetherfield')
    cd /Users/artbox/Documents/Repos/aetherfield/platform/apple
    
    Using response file: /Users/artbox/Library/Developer/Xcode/DerivedData/Aetherfield-bmpuuhknfhxszvalsxinbuvnsjlw/Build/Intermediates.noindex/Aetherfield.build/Release-iphoneos/AetherfieldAUExtension.build/Objects-normal/arm64/af3fcb34312c57c0f52879cdce924b91-common-args.resp
    
    /Applications/Xcode.app/Contents/Developer/Toolchains/XcodeDefault.xctoolchain/usr/bin/clang -x objective-c++ -ivfsstatcache /Users/artbox/Library/Developer/Xcode/DerivedData/SDKStatCaches.noindex/iphoneos27.0-24A430-6c78b3cbc238196c85e1bf6c792c5915.sdkstatcache -target arm64-apple-ios26.0 -fmessage-length\=0 -fdiagnostics-show-note-include-stack -fmacro-backtrace-limit\=0 -fno-color-diagnostics -fmodules-prune-interval\=86400 -fmodules-prune-after\=345600 -fbuild-session-file\=/Users/artbox/Library/Developer/Xcode/DerivedData/ModuleCache.noindex/Session.modulevalidation -fmodules-validate-once-per-build-session -Wnon-modular-include-in-framework-module -Werror\=non-modular-include-in-framework-module -Wno-trigraphs -Wno-missing-field-initializers -Wno-missing-prototypes -Werror\=return-type -Wdocumentation -Wunreachable-code -Wquoted-include-in-framework-header -Wno-implicit-atomic-properties -Werror\=deprecated-objc-isa-usage -Wno-objc-interface-ivars -Werror\=objc-root-class -Wno-arc-repeated-use-of-weak -Wimplicit-retain-self -Wno-non-virtual-dtor -Wno-overloaded-virtual -Wno-exit-time-destructors -Wduplicate-method-match -Wno-missing-braces -Wparentheses -Wswitch -Wunused-function -Wno-unused-label -Wno-unused-parameter -Wunused-variable -Wunused-value -Wempty-body -Wuninitialized -Wconditional-uninitialized -Wno-unknown-pragmas -Wno-shadow -Wno-four-char-constants -Wno-conversion -Wconstant-conversion -Wint-conversion -Wbool-conversion -Wenum-conversion -Wno-float-conversion -Wnon-literal-null-conversion -Wobjc-literal-conversion -Wshorten-64-to-32 -Wno-newline-eof -Wno-selector -Wno-strict-selector-match -Wundeclared-selector -Wdeprecated-implementations -Wno-c++11-extensions -Wno-implicit-fallthrough -isysroot /Applications/Xcode.app/Contents/Developer/Platforms/iPhoneOS.platform/Developer/SDKs/iPhoneOS27.0.sdk -fstrict-aliasing -Wprotocol -Wdeprecated-declarations -Winvalid-offsetof -Wno-sign-conversion -Winfinite-recursion -Wmove -Wcomma -Wblock-capture-autoreleasing -Wstrict-prototypes -Wrange-loop-analysis -Wno-semicolon-before-method-body -Wunguarded-availability @/Users/artbox/Library/Developer/Xcode/DerivedData/Aetherfield-bmpuuhknfhxszvalsxinbuvnsjlw/Build/Intermediates.noindex/Aetherfield.build/Release-iphoneos/AetherfieldAUExtension.build/Objects-normal/arm64/af3fcb34312c57c0f52879cdce924b91-common-args.resp -MMD -MT dependencies -MF /Users/artbox/Library/Developer/Xcode/DerivedData/Aetherfield-bmpuuhknfhxszvalsxinbuvnsjlw/Build/Intermediates.noindex/Aetherfield.build/Release-iphoneos/AetherfieldAUExtension.build/Objects-normal/arm64/AetherfieldAudioUnit.d --serialize-diagnostics /Users/artbox/Library/Developer/Xcode/DerivedData/Aetherfield-bmpuuhknfhxszvalsxinbuvnsjlw/Build/Intermediates.noindex/Aetherfield.build/Release-iphoneos/AetherfieldAUExtension.build/Objects-normal/arm64/AetherfieldAudioUnit.dia -c /Users/artbox/Documents/Repos/aetherfield/src/auv3/AetherfieldAudioUnit.mm -o /Users/artbox/Library/Developer/Xcode/DerivedData/Aetherfield-bmpuuhknfhxszvalsxinbuvnsjlw/Build/Intermediates.noindex/Aetherfield.build/Release-iphoneos/AetherfieldAUExtension.build/Objects-normal/arm64/AetherfieldAudioUnit.o

ScanDependencies /Users/artbox/Library/Developer/Xcode/DerivedData/Aetherfield-bmpuuhknfhxszvalsxinbuvnsjlw/Build/Intermediates.noindex/Aetherfield.build/Release-iphoneos/AetherfieldHost.build/Objects-normal/arm64/main.o /Users/artbox/Documents/Repos/aetherfield/platform/apple/AetherfieldHost/main.m normal arm64 objective-c com.apple.compilers.llvm.clang.1_0.compiler (in target 'AetherfieldHost' from project 'Aetherfield')
    cd /Users/artbox/Documents/Repos/aetherfield/platform/apple
    
    Using response file: /Users/artbox/Library/Developer/Xcode/DerivedData/Aetherfield-bmpuuhknfhxszvalsxinbuvnsjlw/Build/Intermediates.noindex/Aetherfield.build/Release-iphoneos/AetherfieldHost.build/Objects-normal/arm64/e6072d4f65d7061329687fe24e3d63a7-common-args.resp
    
    builtin-ScanDependencies -o /Users/artbox/Library/Developer/Xcode/DerivedData/Aetherfield-bmpuuhknfhxszvalsxinbuvnsjlw/Build/Intermediates.noindex/Aetherfield.build/Release-iphoneos/AetherfieldHost.build/Objects-normal/arm64/main.o.scan -- /Applications/Xcode.app/Contents/Developer/Toolchains/XcodeDefault.xctoolchain/usr/bin/clang -x objective-c -ivfsstatcache /Users/artbox/Library/Developer/Xcode/DerivedData/SDKStatCaches.noindex/iphoneos27.0-24A430-6c78b3cbc238196c85e1bf6c792c5915.sdkstatcache -target arm64-apple-ios26.0 -fmessage-length\=0 -fdiagnostics-show-note-include-stack -fmacro-backtrace-limit\=0 -fno-color-diagnostics -fmodules-prune-interval\=86400 -fmodules-prune-after\=345600 -fbuild-session-file\=/Users/artbox/Library/Developer/Xcode/DerivedData/ModuleCache.noindex/Session.modulevalidation -fmodules-validate-once-per-build-session -Wnon-modular-include-in-framework-module -Werror\=non-modular-include-in-framework-module -Wno-trigraphs -Wno-missing-field-initializers -Wno-missing-prototypes -Werror\=return-type -Wdocumentation -Wunreachable-code -Wquoted-include-in-framework-header -Wno-implicit-atomic-properties -Werror\=deprecated-objc-isa-usage -Wno-objc-interface-ivars -Werror\=objc-root-class -Wno-arc-repeated-use-of-weak -Wimplicit-retain-self -Wduplicate-method-match -Wno-missing-braces -Wparentheses -Wswitch -Wunused-function -Wno-unused-label -Wno-unused-parameter -Wunused-variable -Wunused-value -Wempty-body -Wuninitialized -Wconditional-uninitialized -Wno-unknown-pragmas -Wno-shadow -Wno-four-char-constants -Wno-conversion -Wconstant-conversion -Wint-conversion -Wbool-conversion -Wenum-conversion -Wno-float-conversion -Wnon-literal-null-conversion -Wobjc-literal-conversion -Wshorten-64-to-32 -Wpointer-sign -Wno-newline-eof -Wno-selector -Wno-strict-selector-match -Wundeclared-selector -Wdeprecated-implementations -Wno-implicit-fallthrough -isysroot /Applications/Xcode.app/Contents/Developer/Platforms/iPhoneOS.platform/Developer/SDKs/iPhoneOS27.0.sdk -fstrict-aliasing -Wprotocol -Wdeprecated-declarations -Wno-sign-conversion -Winfinite-recursion -Wcomma -Wblock-capture-autoreleasing -Wstrict-prototypes -Wno-semicolon-before-method-body -Wunguarded-availability @/Users/artbox/Library/Developer/Xcode/DerivedData/Aetherfield-bmpuuhknfhxszvalsxinbuvnsjlw/Build/Intermediates.noindex/Aetherfield.build/Release-iphoneos/AetherfieldHost.build/Objects-normal/arm64/e6072d4f65d7061329687fe24e3d63a7-common-args.resp -MMD -MT dependencies -MF /Users/artbox/Library/Developer/Xcode/DerivedData/Aetherfield-bmpuuhknfhxszvalsxinbuvnsjlw/Build/Intermediates.noindex/Aetherfield.build/Release-iphoneos/AetherfieldHost.build/Objects-normal/arm64/main.d --serialize-diagnostics /Users/artbox/Library/Developer/Xcode/DerivedData/Aetherfield-bmpuuhknfhxszvalsxinbuvnsjlw/Build/Intermediates.noindex/Aetherfield.build/Release-iphoneos/AetherfieldHost.build/Objects-normal/arm64/main.dia -c /Users/artbox/Documents/Repos/aetherfield/platform/apple/AetherfieldHost/main.m -o /Users/artbox/Library/Developer/Xcode/DerivedData/Aetherfield-bmpuuhknfhxszvalsxinbuvnsjlw/Build/Intermediates.noindex/Aetherfield.build/Release-iphoneos/AetherfieldHost.build/Objects-normal/arm64/main.o

PrecompileModule /Users/artbox/Library/Developer/Xcode/DerivedData/Aetherfield-bmpuuhknfhxszvalsxinbuvnsjlw/Build/Intermediates.noindex/ExplicitPrecompiledModules/_Builtin_stdarg-DX920GB03BBAEUUOQFOD5DG92.scan
    cd /
    builtin-precompileModule /Users/artbox/Library/Developer/Xcode/DerivedData/Aetherfield-bmpuuhknfhxszvalsxinbuvnsjlw/Build/Intermediates.noindex/ExplicitPrecompiledModules/_Builtin_stdarg-DX920GB03BBAEUUOQFOD5DG92.scan

PrecompileModule /Users/artbox/Library/Developer/Xcode/DerivedData/Aetherfield-bmpuuhknfhxszvalsxinbuvnsjlw/Build/Intermediates.noindex/ExplicitPrecompiledModules/ptrcheck-2M45M3G4SF3167ZL3R4Z1UZV4.scan
    cd /
    builtin-precompileModule /Users/artbox/Library/Developer/Xcode/DerivedData/Aetherfield-bmpuuhknfhxszvalsxinbuvnsjlw/Build/Intermediates.noindex/ExplicitPrecompiledModules/ptrcheck-2M45M3G4SF3167ZL3R4Z1UZV4.scan

PrecompileModule /Users/artbox/Library/Developer/Xcode/DerivedData/Aetherfield-bmpuuhknfhxszvalsxinbuvnsjlw/Build/Intermediates.noindex/ExplicitPrecompiledModules/_AvailabilityInternal-7B0J3AZ2RE5J9S0PUY6PRGWXC.scan
    cd /
    builtin-precompileModule /Users/artbox/Library/Developer/Xcode/DerivedData/Aetherfield-bmpuuhknfhxszvalsxinbuvnsjlw/Build/Intermediates.noindex/ExplicitPrecompiledModules/_AvailabilityInternal-7B0J3AZ2RE5J9S0PUY6PRGWXC.scan

PrecompileModule /Users/artbox/Library/Developer/Xcode/DerivedData/Aetherfield-bmpuuhknfhxszvalsxinbuvnsjlw/Build/Intermediates.noindex/ExplicitPrecompiledModules/ptrauth-377JFO58H1P6XPR8AF3R56AOC.scan
    cd /
    builtin-precompileModule /Users/artbox/Library/Developer/Xcode/DerivedData/Aetherfield-bmpuuhknfhxszvalsxinbuvnsjlw/Build/Intermediates.noindex/ExplicitPrecompiledModules/ptrauth-377JFO58H1P6XPR8AF3R56AOC.scan

PrecompileModule /Users/artbox/Library/Developer/Xcode/DerivedData/Aetherfield-bmpuuhknfhxszvalsxinbuvnsjlw/Build/Intermediates.noindex/ExplicitPrecompiledModules/_Builtin_stdbool-BSZIX94BF0GMGTRAS9GHXAC5V.scan
    cd /
    builtin-precompileModule /Users/artbox/Library/Developer/Xcode/DerivedData/Aetherfield-bmpuuhknfhxszvalsxinbuvnsjlw/Build/Intermediates.noindex/ExplicitPrecompiledModules/_Builtin_stdbool-BSZIX94BF0GMGTRAS9GHXAC5V.scan

PrecompileModule /Users/artbox/Library/Developer/Xcode/DerivedData/Aetherfield-bmpuuhknfhxszvalsxinbuvnsjlw/Build/Intermediates.noindex/ExplicitPrecompiledModules/_Builtin_stddef-CCK3K3WFEBAA6LO22PLF4OC8L.scan
    cd /
    builtin-precompileModule /Users/artbox/Library/Developer/Xcode/DerivedData/Aetherfield-bmpuuhknfhxszvalsxinbuvnsjlw/Build/Intermediates.noindex/ExplicitPrecompiledModules/_Builtin_stddef-CCK3K3WFEBAA6LO22PLF4OC8L.scan

PrecompileModule /Users/artbox/Library/Developer/Xcode/DerivedData/Aetherfield-bmpuuhknfhxszvalsxinbuvnsjlw/Build/Intermediates.noindex/ExplicitPrecompiledModules/_Builtin_float-3PAOMINMQDU58YEKPOSQDZ7C0.scan
    cd /
    builtin-precompileModule /Users/artbox/Library/Developer/Xcode/DerivedData/Aetherfield-bmpuuhknfhxszvalsxinbuvnsjlw/Build/Intermediates.noindex/ExplicitPrecompiledModules/_Builtin_float-3PAOMINMQDU58YEKPOSQDZ7C0.scan

PrecompileModule /Users/artbox/Library/Developer/Xcode/DerivedData/Aetherfield-bmpuuhknfhxszvalsxinbuvnsjlw/Build/Intermediates.noindex/ExplicitPrecompiledModules/_DarwinFoundation1-TITY664SXKYHVTA1BB088LM6.scan
    cd /
    builtin-precompileModule /Users/artbox/Library/Developer/Xcode/DerivedData/Aetherfield-bmpuuhknfhxszvalsxinbuvnsjlw/Build/Intermediates.noindex/ExplicitPrecompiledModules/_DarwinFoundation1-TITY664SXKYHVTA1BB088LM6.scan

PrecompileModule /Users/artbox/Library/Developer/Xcode/DerivedData/Aetherfield-bmpuuhknfhxszvalsxinbuvnsjlw/Build/Intermediates.noindex/ExplicitPrecompiledModules/_DarwinFoundation2-77TP3CQ385CS1ETUY8V8MUN63.scan
    cd /
    builtin-precompileModule /Users/artbox/Library/Developer/Xcode/DerivedData/Aetherfield-bmpuuhknfhxszvalsxinbuvnsjlw/Build/Intermediates.noindex/ExplicitPrecompiledModules/_DarwinFoundation2-77TP3CQ385CS1ETUY8V8MUN63.scan

PrecompileModule /Users/artbox/Library/Developer/Xcode/DerivedData/Aetherfield-bmpuuhknfhxszvalsxinbuvnsjlw/Build/Intermediates.noindex/ExplicitPrecompiledModules/_Builtin_limits-3TYNY4T57YS1KJ098995XC0M5.scan
    cd /
    builtin-precompileModule /Users/artbox/Library/Developer/Xcode/DerivedData/Aetherfield-bmpuuhknfhxszvalsxinbuvnsjlw/Build/Intermediates.noindex/ExplicitPrecompiledModules/_Builtin_limits-3TYNY4T57YS1KJ098995XC0M5.scan

PrecompileModule /Users/artbox/Library/Developer/Xcode/DerivedData/Aetherfield-bmpuuhknfhxszvalsxinbuvnsjlw/Build/Intermediates.noindex/ExplicitPrecompiledModules/_Builtin_stdint-EO9EW9KHBDEAGDCCDBJH1AB8F.scan
    cd /
    builtin-precompileModule /Users/artbox/Library/Developer/Xcode/DerivedData/Aetherfield-bmpuuhknfhxszvalsxinbuvnsjlw/Build/Intermediates.noindex/ExplicitPrecompiledModules/_Builtin_stdint-EO9EW9KHBDEAGDCCDBJH1AB8F.scan

PrecompileModule /Users/artbox/Library/Developer/Xcode/DerivedData/Aetherfield-bmpuuhknfhxszvalsxinbuvnsjlw/Build/Intermediates.noindex/ExplicitPrecompiledModules/_DarwinFoundation3-B8ISCXP8ZWWNO8RUM2K5CJPQQ.scan
    cd /
    builtin-precompileModule /Users/artbox/Library/Developer/Xcode/DerivedData/Aetherfield-bmpuuhknfhxszvalsxinbuvnsjlw/Build/Intermediates.noindex/ExplicitPrecompiledModules/_DarwinFoundation3-B8ISCXP8ZWWNO8RUM2K5CJPQQ.scan

PrecompileModule /Users/artbox/Library/Developer/Xcode/DerivedData/Aetherfield-bmpuuhknfhxszvalsxinbuvnsjlw/Build/Intermediates.noindex/ExplicitPrecompiledModules/_Builtin_inttypes-F8OJRGOIN7COB28XQC3XNRUC.scan
    cd /
    builtin-precompileModule /Users/artbox/Library/Developer/Xcode/DerivedData/Aetherfield-bmpuuhknfhxszvalsxinbuvnsjlw/Build/Intermediates.noindex/ExplicitPrecompiledModules/_Builtin_inttypes-F8OJRGOIN7COB28XQC3XNRUC.scan

PrecompileModule /Users/artbox/Library/Developer/Xcode/DerivedData/Aetherfield-bmpuuhknfhxszvalsxinbuvnsjlw/Build/Intermediates.noindex/ExplicitPrecompiledModules/Darwin-3L6R15RGK1JQW24BIB8Y1F3GU.scan
    cd /
    builtin-precompileModule /Users/artbox/Library/Developer/Xcode/DerivedData/Aetherfield-bmpuuhknfhxszvalsxinbuvnsjlw/Build/Intermediates.noindex/ExplicitPrecompiledModules/Darwin-3L6R15RGK1JQW24BIB8Y1F3GU.scan

PrecompileModule /Users/artbox/Library/Developer/Xcode/DerivedData/Aetherfield-bmpuuhknfhxszvalsxinbuvnsjlw/Build/Intermediates.noindex/ExplicitPrecompiledModules/ObjectiveC-979V9WSV06VMBV2D2QK0SP0WJ.scan
    cd /
    builtin-precompileModule /Users/artbox/Library/Developer/Xcode/DerivedData/Aetherfield-bmpuuhknfhxszvalsxinbuvnsjlw/Build/Intermediates.noindex/ExplicitPrecompiledModules/ObjectiveC-979V9WSV06VMBV2D2QK0SP0WJ.scan

PrecompileModule /Users/artbox/Library/Developer/Xcode/DerivedData/Aetherfield-bmpuuhknfhxszvalsxinbuvnsjlw/Build/Intermediates.noindex/ExplicitPrecompiledModules/os_object-38V62HOVYFB5KO6K75T0J1RES.scan
    cd /
    builtin-precompileModule /Users/artbox/Library/Developer/Xcode/DerivedData/Aetherfield-bmpuuhknfhxszvalsxinbuvnsjlw/Build/Intermediates.noindex/ExplicitPrecompiledModules/os_object-38V62HOVYFB5KO6K75T0J1RES.scan

PrecompileModule /Users/artbox/Library/Developer/Xcode/DerivedData/Aetherfield-bmpuuhknfhxszvalsxinbuvnsjlw/Build/Intermediates.noindex/ExplicitPrecompiledModules/os_workgroup-M9DUHBC78JU1O0XKPMFAKR3L.scan
    cd /
    builtin-precompileModule /Users/artbox/Library/Developer/Xcode/DerivedData/Aetherfield-bmpuuhknfhxszvalsxinbuvnsjlw/Build/Intermediates.noindex/ExplicitPrecompiledModules/os_workgroup-M9DUHBC78JU1O0XKPMFAKR3L.scan

PrecompileModule /Users/artbox/Library/Developer/Xcode/DerivedData/Aetherfield-bmpuuhknfhxszvalsxinbuvnsjlw/Build/Intermediates.noindex/ExplicitPrecompiledModules/Dispatch-B65TPBUQL3C5PSWSASJBB2KIT.scan
    cd /
    builtin-precompileModule /Users/artbox/Library/Developer/Xcode/DerivedData/Aetherfield-bmpuuhknfhxszvalsxinbuvnsjlw/Build/Intermediates.noindex/ExplicitPrecompiledModules/Dispatch-B65TPBUQL3C5PSWSASJBB2KIT.scan

PrecompileModule /Users/artbox/Library/Developer/Xcode/DerivedData/Aetherfield-bmpuuhknfhxszvalsxinbuvnsjlw/Build/Intermediates.noindex/ExplicitPrecompiledModules/CoreFoundation-ABOZIB77UKAPCMR6771BNGQ4N.scan
    cd /
    builtin-precompileModule /Users/artbox/Library/Developer/Xcode/DerivedData/Aetherfield-bmpuuhknfhxszvalsxinbuvnsjlw/Build/Intermediates.noindex/ExplicitPrecompiledModules/CoreFoundation-ABOZIB77UKAPCMR6771BNGQ4N.scan

PrecompileModule /Users/artbox/Library/Developer/Xcode/DerivedData/Aetherfield-bmpuuhknfhxszvalsxinbuvnsjlw/Build/Intermediates.noindex/ExplicitPrecompiledModules/XPC-F57LQ42CCUNSXUFR7S9XSTS4D.scan
    cd /
    builtin-precompileModule /Users/artbox/Library/Developer/Xcode/DerivedData/Aetherfield-bmpuuhknfhxszvalsxinbuvnsjlw/Build/Intermediates.noindex/ExplicitPrecompiledModules/XPC-F57LQ42CCUNSXUFR7S9XSTS4D.scan

PrecompileModule /Users/artbox/Library/Developer/Xcode/DerivedData/Aetherfield-bmpuuhknfhxszvalsxinbuvnsjlw/Build/Intermediates.noindex/ExplicitPrecompiledModules/CFNetwork-45YWGNXNS8JH7Z0HZGT9G09WN.scan
    cd /
    builtin-precompileModule /Users/artbox/Library/Developer/Xcode/DerivedData/Aetherfield-bmpuuhknfhxszvalsxinbuvnsjlw/Build/Intermediates.noindex/ExplicitPrecompiledModules/CFNetwork-45YWGNXNS8JH7Z0HZGT9G09WN.scan

PrecompileModule /Users/artbox/Library/Developer/Xcode/DerivedData/Aetherfield-bmpuuhknfhxszvalsxinbuvnsjlw/Build/Intermediates.noindex/ExplicitPrecompiledModules/Security-6ZTR4LMRUW49PG1QCHA1H5NDR.scan
    cd /
    builtin-precompileModule /Users/artbox/Library/Developer/Xcode/DerivedData/Aetherfield-bmpuuhknfhxszvalsxinbuvnsjlw/Build/Intermediates.noindex/ExplicitPrecompiledModules/Security-6ZTR4LMRUW49PG1QCHA1H5NDR.scan

PrecompileModule /Users/artbox/Library/Developer/Xcode/DerivedData/Aetherfield-bmpuuhknfhxszvalsxinbuvnsjlw/Build/Intermediates.noindex/ExplicitPrecompiledModules/CoreGraphics-54NKDAQS4YBZES2KPBJP3H7EP.scan
    cd /
    builtin-precompileModule /Users/artbox/Library/Developer/Xcode/DerivedData/Aetherfield-bmpuuhknfhxszvalsxinbuvnsjlw/Build/Intermediates.noindex/ExplicitPrecompiledModules/CoreGraphics-54NKDAQS4YBZES2KPBJP3H7EP.scan

PrecompileModule /Users/artbox/Library/Developer/Xcode/DerivedData/Aetherfield-bmpuuhknfhxszvalsxinbuvnsjlw/Build/Intermediates.noindex/ExplicitPrecompiledModules/Foundation-20Z5MPMNS8WCXRAJL6JUEDSSA.scan
    cd /
    builtin-precompileModule /Users/artbox/Library/Developer/Xcode/DerivedData/Aetherfield-bmpuuhknfhxszvalsxinbuvnsjlw/Build/Intermediates.noindex/ExplicitPrecompiledModules/Foundation-20Z5MPMNS8WCXRAJL6JUEDSSA.scan

PrecompileModule /Users/artbox/Library/Developer/Xcode/DerivedData/Aetherfield-bmpuuhknfhxszvalsxinbuvnsjlw/Build/Intermediates.noindex/ExplicitPrecompiledModules/CoreText-6HKGIY606ATR8L5Z76SYEIA9J.scan
    cd /
    builtin-precompileModule /Users/artbox/Library/Developer/Xcode/DerivedData/Aetherfield-bmpuuhknfhxszvalsxinbuvnsjlw/Build/Intermediates.noindex/ExplicitPrecompiledModules/CoreText-6HKGIY606ATR8L5Z76SYEIA9J.scan

PrecompileModule /Users/artbox/Library/Developer/Xcode/DerivedData/Aetherfield-bmpuuhknfhxszvalsxinbuvnsjlw/Build/Intermediates.noindex/ExplicitPrecompiledModules/ImageIO-C5K878I2O22B1XDAM4MCW2WJY.scan
    cd /
    builtin-precompileModule /Users/artbox/Library/Developer/Xcode/DerivedData/Aetherfield-bmpuuhknfhxszvalsxinbuvnsjlw/Build/Intermediates.noindex/ExplicitPrecompiledModules/ImageIO-C5K878I2O22B1XDAM4MCW2WJY.scan

PrecompileModule /Users/artbox/Library/Developer/Xcode/DerivedData/Aetherfield-bmpuuhknfhxszvalsxinbuvnsjlw/Build/Intermediates.noindex/ExplicitPrecompiledModules/_LocationEssentials-214JD3H512XQ85B32NDZMV5N4.scan
    cd /
    builtin-precompileModule /Users/artbox/Library/Developer/Xcode/DerivedData/Aetherfield-bmpuuhknfhxszvalsxinbuvnsjlw/Build/Intermediates.noindex/ExplicitPrecompiledModules/_LocationEssentials-214JD3H512XQ85B32NDZMV5N4.scan

PrecompileModule /Users/artbox/Library/Developer/Xcode/DerivedData/Aetherfield-bmpuuhknfhxszvalsxinbuvnsjlw/Build/Intermediates.noindex/ExplicitPrecompiledModules/UserNotifications-55ZILEGZQ76PSS5W6LOQZA42C.scan
    cd /
    builtin-precompileModule /Users/artbox/Library/Developer/Xcode/DerivedData/Aetherfield-bmpuuhknfhxszvalsxinbuvnsjlw/Build/Intermediates.noindex/ExplicitPrecompiledModules/UserNotifications-55ZILEGZQ76PSS5W6LOQZA42C.scan

PrecompileModule /Users/artbox/Library/Developer/Xcode/DerivedData/Aetherfield-bmpuuhknfhxszvalsxinbuvnsjlw/Build/Intermediates.noindex/ExplicitPrecompiledModules/IOSurface-3XS3IBVC3CTLE6WAX65V3VMCX.scan
    cd /
    builtin-precompileModule /Users/artbox/Library/Developer/Xcode/DerivedData/Aetherfield-bmpuuhknfhxszvalsxinbuvnsjlw/Build/Intermediates.noindex/ExplicitPrecompiledModules/IOSurface-3XS3IBVC3CTLE6WAX65V3VMCX.scan

PrecompileModule /Users/artbox/Library/Developer/Xcode/DerivedData/Aetherfield-bmpuuhknfhxszvalsxinbuvnsjlw/Build/Intermediates.noindex/ExplicitPrecompiledModules/Symbols-5TCAO5DDYS65X1VQK5AQ7BBUJ.scan
    cd /
    builtin-precompileModule /Users/artbox/Library/Developer/Xcode/DerivedData/Aetherfield-bmpuuhknfhxszvalsxinbuvnsjlw/Build/Intermediates.noindex/ExplicitPrecompiledModules/Symbols-5TCAO5DDYS65X1VQK5AQ7BBUJ.scan

PrecompileModule /Users/artbox/Library/Developer/Xcode/DerivedData/Aetherfield-bmpuuhknfhxszvalsxinbuvnsjlw/Build/Intermediates.noindex/ExplicitPrecompiledModules/FileProvider-CVMNZHZLFEMDK6P434RNQZJKI.scan
    cd /
    builtin-precompileModule /Users/artbox/Library/Developer/Xcode/DerivedData/Aetherfield-bmpuuhknfhxszvalsxinbuvnsjlw/Build/Intermediates.noindex/ExplicitPrecompiledModules/FileProvider-CVMNZHZLFEMDK6P434RNQZJKI.scan

PrecompileModule /Users/artbox/Library/Developer/Xcode/DerivedData/Aetherfield-bmpuuhknfhxszvalsxinbuvnsjlw/Build/Intermediates.noindex/ExplicitPrecompiledModules/UIUtilities-5A1MEX0C2KI07W4E9JUTJ91IG.scan
    cd /
    builtin-precompileModule /Users/artbox/Library/Developer/Xcode/DerivedData/Aetherfield-bmpuuhknfhxszvalsxinbuvnsjlw/Build/Intermediates.noindex/ExplicitPrecompiledModules/UIUtilities-5A1MEX0C2KI07W4E9JUTJ91IG.scan

PrecompileModule /Users/artbox/Library/Developer/Xcode/DerivedData/Aetherfield-bmpuuhknfhxszvalsxinbuvnsjlw/Build/Intermediates.noindex/ExplicitPrecompiledModules/CoreLocation-1ZZSQH8AYNT82MPPX19PUSW5S.scan
    cd /
    builtin-precompileModule /Users/artbox/Library/Developer/Xcode/DerivedData/Aetherfield-bmpuuhknfhxszvalsxinbuvnsjlw/Build/Intermediates.noindex/ExplicitPrecompiledModules/CoreLocation-1ZZSQH8AYNT82MPPX19PUSW5S.scan

PrecompileModule /Users/artbox/Library/Developer/Xcode/DerivedData/Aetherfield-bmpuuhknfhxszvalsxinbuvnsjlw/Build/Intermediates.noindex/ExplicitPrecompiledModules/Metal-5VKF5OGM12GD5AS9B8IFVSVF8.scan
    cd /
    builtin-precompileModule /Users/artbox/Library/Developer/Xcode/DerivedData/Aetherfield-bmpuuhknfhxszvalsxinbuvnsjlw/Build/Intermediates.noindex/ExplicitPrecompiledModules/Metal-5VKF5OGM12GD5AS9B8IFVSVF8.scan

PrecompileModule /Users/artbox/Library/Developer/Xcode/DerivedData/Aetherfield-bmpuuhknfhxszvalsxinbuvnsjlw/Build/Intermediates.noindex/ExplicitPrecompiledModules/OpenGLES-69SOAN39XTVNOH4IAVEDX6OPC.scan
    cd /
    builtin-precompileModule /Users/artbox/Library/Developer/Xcode/DerivedData/Aetherfield-bmpuuhknfhxszvalsxinbuvnsjlw/Build/Intermediates.noindex/ExplicitPrecompiledModules/OpenGLES-69SOAN39XTVNOH4IAVEDX6OPC.scan

PrecompileModule /Users/artbox/Library/Developer/Xcode/DerivedData/Aetherfield-bmpuuhknfhxszvalsxinbuvnsjlw/Build/Intermediates.noindex/ExplicitPrecompiledModules/CoreMotion-1YKP2ICUEEWHC4D5NCXKMBULJ.scan
    cd /
    builtin-precompileModule /Users/artbox/Library/Developer/Xcode/DerivedData/Aetherfield-bmpuuhknfhxszvalsxinbuvnsjlw/Build/Intermediates.noindex/ExplicitPrecompiledModules/CoreMotion-1YKP2ICUEEWHC4D5NCXKMBULJ.scan

PrecompileModule /Users/artbox/Library/Developer/Xcode/DerivedData/Aetherfield-bmpuuhknfhxszvalsxinbuvnsjlw/Build/Intermediates.noindex/ExplicitPrecompiledModules/CoreVideo-4TMTQSMT2M3PF5H3DNXNZFTZE.scan
    cd /
    builtin-precompileModule /Users/artbox/Library/Developer/Xcode/DerivedData/Aetherfield-bmpuuhknfhxszvalsxinbuvnsjlw/Build/Intermediates.noindex/ExplicitPrecompiledModules/CoreVideo-4TMTQSMT2M3PF5H3DNXNZFTZE.scan

Ld /Users/artbox/Library/Developer/Xcode/DerivedData/Aetherfield-bmpuuhknfhxszvalsxinbuvnsjlw/Build/Products/Release-iphoneos/AetherfieldAUExtension.appex/AetherfieldAUExtension normal (in target 'AetherfieldAUExtension' from project 'Aetherfield')
    cd /Users/artbox/Documents/Repos/aetherfield/platform/apple
    /Applications/Xcode.app/Contents/Developer/Toolchains/XcodeDefault.xctoolchain/usr/bin/clang++ -Xlinker -reproducible -target arm64-apple-ios26.0 -isysroot /Applications/Xcode.app/Contents/Developer/Platforms/iPhoneOS.platform/Developer/SDKs/iPhoneOS27.0.sdk -Os -Xlinker -no_warn_duplicate_libraries -L/Users/artbox/Library/Developer/Xcode/DerivedData/Aetherfield-bmpuuhknfhxszvalsxinbuvnsjlw/Build/Intermediates.noindex/EagerLinkingTBDs/Release-iphoneos -L/Users/artbox/Library/Developer/Xcode/DerivedData/Aetherfield-bmpuuhknfhxszvalsxinbuvnsjlw/Build/Products/Release-iphoneos -F/Users/artbox/Library/Developer/Xcode/DerivedData/Aetherfield-bmpuuhknfhxszvalsxinbuvnsjlw/Build/Intermediates.noindex/EagerLinkingTBDs/Release-iphoneos -F/Users/artbox/Library/Developer/Xcode/DerivedData/Aetherfield-bmpuuhknfhxszvalsxinbuvnsjlw/Build/Products/Release-iphoneos -filelist /Users/artbox/Library/Developer/Xcode/DerivedData/Aetherfield-bmpuuhknfhxszvalsxinbuvnsjlw/Build/Intermediates.noindex/Aetherfield.build/Release-iphoneos/AetherfieldAUExtension.build/Objects-normal/arm64/AetherfieldAUExtension.LinkFileList -Xlinker -rpath -Xlinker @executable_path/Frameworks -Xlinker -rpath -Xlinker @executable_path/../../Frameworks -Xlinker -dead_strip -Xlinker -object_path_lto -Xlinker /Users/artbox/Library/Developer/Xcode/DerivedData/Aetherfield-bmpuuhknfhxszvalsxinbuvnsjlw/Build/Intermediates.noindex/Aetherfield.build/Release-iphoneos/AetherfieldAUExtension.build/Objects-normal/arm64/AetherfieldAUExtension_lto.o -Xlinker -dependency_info -Xlinker /Users/artbox/Library/Developer/Xcode/DerivedData/Aetherfield-bmpuuhknfhxszvalsxinbuvnsjlw/Build/Intermediates.noindex/Aetherfield.build/Release-iphoneos/AetherfieldAUExtension.build/Objects-normal/arm64/AetherfieldAUExtension_dependency_info.dat -e _NSExtensionMain -stdlib\=libc++ -fobjc-arc -fobjc-link-runtime -fapplication-extension -framework AudioToolbox -framework AVFoundation -Xlinker -no_adhoc_codesign -o /Users/artbox/Library/Developer/Xcode/DerivedData/Aetherfield-bmpuuhknfhxszvalsxinbuvnsjlw/Build/Products/Release-iphoneos/AetherfieldAUExtension.appex/AetherfieldAUExtension

PrecompileModule /Users/artbox/Library/Developer/Xcode/DerivedData/Aetherfield-bmpuuhknfhxszvalsxinbuvnsjlw/Build/Intermediates.noindex/ExplicitPrecompiledModules/QuartzCore-BTQZ7OYNB6BZMGMV89YV35MXV.scan
    cd /
    builtin-precompileModule /Users/artbox/Library/Developer/Xcode/DerivedData/Aetherfield-bmpuuhknfhxszvalsxinbuvnsjlw/Build/Intermediates.noindex/ExplicitPrecompiledModules/QuartzCore-BTQZ7OYNB6BZMGMV89YV35MXV.scan

PrecompileModule /Users/artbox/Library/Developer/Xcode/DerivedData/Aetherfield-bmpuuhknfhxszvalsxinbuvnsjlw/Build/Intermediates.noindex/ExplicitPrecompiledModules/CoreImage-BD5Q2RA1F4T2G0DVO3GZMV2Q.scan
    cd /
    builtin-precompileModule /Users/artbox/Library/Developer/Xcode/DerivedData/Aetherfield-bmpuuhknfhxszvalsxinbuvnsjlw/Build/Intermediates.noindex/ExplicitPrecompiledModules/CoreImage-BD5Q2RA1F4T2G0DVO3GZMV2Q.scan

PrecompileModule /Users/artbox/Library/Developer/Xcode/DerivedData/Aetherfield-bmpuuhknfhxszvalsxinbuvnsjlw/Build/Intermediates.noindex/ExplicitPrecompiledModules/UIKit-EDJVEZF7VHIW44VOO2K2ZM0EW.scan
    cd /
    builtin-precompileModule /Users/artbox/Library/Developer/Xcode/DerivedData/Aetherfield-bmpuuhknfhxszvalsxinbuvnsjlw/Build/Intermediates.noindex/ExplicitPrecompiledModules/UIKit-EDJVEZF7VHIW44VOO2K2ZM0EW.scan

GenerateDSYMFile /Users/artbox/Library/Developer/Xcode/DerivedData/Aetherfield-bmpuuhknfhxszvalsxinbuvnsjlw/Build/Products/Release-iphoneos/AetherfieldAUExtension.appex.dSYM /Users/artbox/Library/Developer/Xcode/DerivedData/Aetherfield-bmpuuhknfhxszvalsxinbuvnsjlw/Build/Products/Release-iphoneos/AetherfieldAUExtension.appex/AetherfieldAUExtension (in target 'AetherfieldAUExtension' from project 'Aetherfield')
    cd /Users/artbox/Documents/Repos/aetherfield/platform/apple
    export PATH\=/Applications/Xcode.app/Contents/SharedFrameworks/SwiftBuild.framework/Versions/A/PlugIns/SWBBuildService.bundle/Contents/PlugIns/SWBUniversalPlatformPlugin.bundle/Contents/Frameworks/SWBUniversalPlatform.framework/Resources:/Applications/Xcode.app/Contents/Developer/Toolchains/XcodeDefault.xctoolchain/usr/bin:/Applications/Xcode.app/Contents/Developer/Toolchains/XcodeDefault.xctoolchain/usr/local/bin:/Applications/Xcode.app/Contents/Developer/Toolchains/XcodeDefault.xctoolchain/usr/libexec:/Applications/Xcode.app/Contents/Developer/Platforms/iPhoneOS.platform/usr/bin:/Applications/Xcode.app/Contents/Developer/Platforms/iPhoneOS.platform/usr/local/bin:/Applications/Xcode.app/Contents/Developer/Platforms/iPhoneOS.platform/Developer/usr/bin:/Applications/Xcode.app/Contents/Developer/Platforms/iPhoneOS.platform/Developer/usr/local/bin:/Applications/Xcode.app/Contents/Developer/usr/bin:/Applications/Xcode.app/Contents/Developer/usr/local/bin:/opt/homebrew/share/google-cloud-sdk/bin:/opt/homebrew/bin:/opt/homebrew/sbin:/usr/local/bin:/System/Cryptexes/App/usr/bin:/usr/bin:/bin:/usr/sbin:/sbin:/var/run/com.apple.security.cryptexd/codex.system/bootstrap/usr/local/bin:/var/run/com.apple.security.cryptexd/codex.system/bootstrap/usr/bin:/var/run/com.apple.security.cryptexd/codex.system/bootstrap/usr/appleinternal/bin:/pkg/env/global/bin:/Library/Apple/usr/bin:/Users/artbox/.local/bin:/Users/artbox/.lmstudio/bin:/Users/artbox/.claude/plugins/cache/claude-plugins-official/clangd-lsp/1.0.0/bin:/Users/artbox/.claude/plugins/cache/claude-plugins-official/frontend-design/unknown/bin:/Users/artbox/.claude/plugins/cache/claude-plugins-official/superpowers/5.0.7/bin:/Users/artbox/.claude/plugins/cache/claude-plugins-official/feature-dev/unknown/bin:/Users/artbox/.claude/plugins/cache/claude-plugins-official/typescript-lsp/1.0.0/bin:/Users/artbox/.claude/plugins/cache/claude-plugins-official/commit-commands/unknown/bin:/Users/artbox/.claude/plugins/cache/claude-plugins-official/pyright-lsp/1.0.0/bin:/Users/artbox/.claude/plugins/synced/59f767ce-58fa-4726-9bbe-7287dc429f52_4cb88d9e-1548-40bd-be7d-9ff999c04cd1/desktop-commander/bin:/Users/artbox/.claude/plugins/synced/59f767ce-58fa-4726-9bbe-7287dc429f52_4cb88d9e-1548-40bd-be7d-9ff999c04cd1/product-management\~g2/bin:/Users/artbox/.claude/plugins/synced/59f767ce-58fa-4726-9bbe-7287dc429f52_4cb88d9e-1548-40bd-be7d-9ff999c04cd1/pdf-viewer/bin:/Users/artbox/.claude/plugins/synced/59f767ce-58fa-4726-9bbe-7287dc429f52_4cb88d9e-1548-40bd-be7d-9ff999c04cd1/engineering\~g2/bin:/Users/artbox/.claude/plugins/synced/59f767ce-58fa-4726-9bbe-7287dc429f52_4cb88d9e-1548-40bd-be7d-9ff999c04cd1/design\~g2/bin:/Users/artbox/.claude/plugins/synced/59f767ce-58fa-4726-9bbe-7287dc429f52_4cb88d9e-1548-40bd-be7d-9ff999c04cd1/product-tracking-skills/bin:/Users/artbox/.claude/plugins/synced/59f767ce-58fa-4726-9bbe-7287dc429f52_4cb88d9e-1548-40bd-be7d-9ff999c04cd1/cowork-plugin-management/bin
    /Applications/Xcode.app/Contents/Developer/Toolchains/XcodeDefault.xctoolchain/usr/bin/dsymutil /Users/artbox/Library/Developer/Xcode/DerivedData/Aetherfield-bmpuuhknfhxszvalsxinbuvnsjlw/Build/Products/Release-iphoneos/AetherfieldAUExtension.appex/AetherfieldAUExtension -o /Users/artbox/Library/Developer/Xcode/DerivedData/Aetherfield-bmpuuhknfhxszvalsxinbuvnsjlw/Build/Products/Release-iphoneos/AetherfieldAUExtension.appex.dSYM

CodeSign /Users/artbox/Library/Developer/Xcode/DerivedData/Aetherfield-bmpuuhknfhxszvalsxinbuvnsjlw/Build/Products/Release-iphoneos/AetherfieldAUExtension.appex (in target 'AetherfieldAUExtension' from project 'Aetherfield')
    cd /Users/artbox/Documents/Repos/aetherfield/platform/apple
    
    Signing Identity:     "Apple Development: joshband@gmail.com (Q8RAXYZQK4)"
    Provisioning Profile: "iOS Team Provisioning Profile: com.aetherfield.placeholder.AetherfieldHost.AetherfieldAUExtension"
                          (b09e7b8d-864f-4de3-83d8-d7392a8995d2)
    
    /usr/bin/codesign --force --sign 627E3654EFB5CD119AA064491B4E60A7F157C6D4 --entitlements /Users/artbox/Library/Developer/Xcode/DerivedData/Aetherfield-bmpuuhknfhxszvalsxinbuvnsjlw/Build/Intermediates.noindex/Aetherfield.build/Release-iphoneos/AetherfieldAUExtension.build/AetherfieldAUExtension.appex.xcent --timestamp\=none --generate-entitlement-der /Users/artbox/Library/Developer/Xcode/DerivedData/Aetherfield-bmpuuhknfhxszvalsxinbuvnsjlw/Build/Products/Release-iphoneos/AetherfieldAUExtension.appex

RegisterExecutionPolicyException /Users/artbox/Library/Developer/Xcode/DerivedData/Aetherfield-bmpuuhknfhxszvalsxinbuvnsjlw/Build/Products/Release-iphoneos/AetherfieldAUExtension.appex (in target 'AetherfieldAUExtension' from project 'Aetherfield')
    cd /Users/artbox/Documents/Repos/aetherfield/platform/apple
    builtin-RegisterExecutionPolicyException /Users/artbox/Library/Developer/Xcode/DerivedData/Aetherfield-bmpuuhknfhxszvalsxinbuvnsjlw/Build/Products/Release-iphoneos/AetherfieldAUExtension.appex

Touch /Users/artbox/Library/Developer/Xcode/DerivedData/Aetherfield-bmpuuhknfhxszvalsxinbuvnsjlw/Build/Products/Release-iphoneos/AetherfieldAUExtension.appex (in target 'AetherfieldAUExtension' from project 'Aetherfield')
    cd /Users/artbox/Documents/Repos/aetherfield/platform/apple
    /usr/bin/touch -c /Users/artbox/Library/Developer/Xcode/DerivedData/Aetherfield-bmpuuhknfhxszvalsxinbuvnsjlw/Build/Products/Release-iphoneos/AetherfieldAUExtension.appex

CompileC /Users/artbox/Library/Developer/Xcode/DerivedData/Aetherfield-bmpuuhknfhxszvalsxinbuvnsjlw/Build/Intermediates.noindex/Aetherfield.build/Release-iphoneos/AetherfieldHost.build/Objects-normal/arm64/main.o /Users/artbox/Documents/Repos/aetherfield/platform/apple/AetherfieldHost/main.m normal arm64 objective-c com.apple.compilers.llvm.clang.1_0.compiler (in target 'AetherfieldHost' from project 'Aetherfield')
    cd /Users/artbox/Documents/Repos/aetherfield/platform/apple
    
    Using response file: /Users/artbox/Library/Developer/Xcode/DerivedData/Aetherfield-bmpuuhknfhxszvalsxinbuvnsjlw/Build/Intermediates.noindex/Aetherfield.build/Release-iphoneos/AetherfieldHost.build/Objects-normal/arm64/e6072d4f65d7061329687fe24e3d63a7-common-args.resp
    
    /Applications/Xcode.app/Contents/Developer/Toolchains/XcodeDefault.xctoolchain/usr/bin/clang -x objective-c -ivfsstatcache /Users/artbox/Library/Developer/Xcode/DerivedData/SDKStatCaches.noindex/iphoneos27.0-24A430-6c78b3cbc238196c85e1bf6c792c5915.sdkstatcache -target arm64-apple-ios26.0 -fmessage-length\=0 -fdiagnostics-show-note-include-stack -fmacro-backtrace-limit\=0 -fno-color-diagnostics -fmodules-prune-interval\=86400 -fmodules-prune-after\=345600 -fbuild-session-file\=/Users/artbox/Library/Developer/Xcode/DerivedData/ModuleCache.noindex/Session.modulevalidation -fmodules-validate-once-per-build-session -Wnon-modular-include-in-framework-module -Werror\=non-modular-include-in-framework-module -Wno-trigraphs -Wno-missing-field-initializers -Wno-missing-prototypes -Werror\=return-type -Wdocumentation -Wunreachable-code -Wquoted-include-in-framework-header -Wno-implicit-atomic-properties -Werror\=deprecated-objc-isa-usage -Wno-objc-interface-ivars -Werror\=objc-root-class -Wno-arc-repeated-use-of-weak -Wimplicit-retain-self -Wduplicate-method-match -Wno-missing-braces -Wparentheses -Wswitch -Wunused-function -Wno-unused-label -Wno-unused-parameter -Wunused-variable -Wunused-value -Wempty-body -Wuninitialized -Wconditional-uninitialized -Wno-unknown-pragmas -Wno-shadow -Wno-four-char-constants -Wno-conversion -Wconstant-conversion -Wint-conversion -Wbool-conversion -Wenum-conversion -Wno-float-conversion -Wnon-literal-null-conversion -Wobjc-literal-conversion -Wshorten-64-to-32 -Wpointer-sign -Wno-newline-eof -Wno-selector -Wno-strict-selector-match -Wundeclared-selector -Wdeprecated-implementations -Wno-implicit-fallthrough -isysroot /Applications/Xcode.app/Contents/Developer/Platforms/iPhoneOS.platform/Developer/SDKs/iPhoneOS27.0.sdk -fstrict-aliasing -Wprotocol -Wdeprecated-declarations -Wno-sign-conversion -Winfinite-recursion -Wcomma -Wblock-capture-autoreleasing -Wstrict-prototypes -Wno-semicolon-before-method-body -Wunguarded-availability @/Users/artbox/Library/Developer/Xcode/DerivedData/Aetherfield-bmpuuhknfhxszvalsxinbuvnsjlw/Build/Intermediates.noindex/Aetherfield.build/Release-iphoneos/AetherfieldHost.build/Objects-normal/arm64/e6072d4f65d7061329687fe24e3d63a7-common-args.resp -MMD -MT dependencies -MF /Users/artbox/Library/Developer/Xcode/DerivedData/Aetherfield-bmpuuhknfhxszvalsxinbuvnsjlw/Build/Intermediates.noindex/Aetherfield.build/Release-iphoneos/AetherfieldHost.build/Objects-normal/arm64/main.d --serialize-diagnostics /Users/artbox/Library/Developer/Xcode/DerivedData/Aetherfield-bmpuuhknfhxszvalsxinbuvnsjlw/Build/Intermediates.noindex/Aetherfield.build/Release-iphoneos/AetherfieldHost.build/Objects-normal/arm64/main.dia -c /Users/artbox/Documents/Repos/aetherfield/platform/apple/AetherfieldHost/main.m -o /Users/artbox/Library/Developer/Xcode/DerivedData/Aetherfield-bmpuuhknfhxszvalsxinbuvnsjlw/Build/Intermediates.noindex/Aetherfield.build/Release-iphoneos/AetherfieldHost.build/Objects-normal/arm64/main.o

Ld /Users/artbox/Library/Developer/Xcode/DerivedData/Aetherfield-bmpuuhknfhxszvalsxinbuvnsjlw/Build/Products/Release-iphoneos/AetherfieldHost.app/AetherfieldHost normal (in target 'AetherfieldHost' from project 'Aetherfield')
    cd /Users/artbox/Documents/Repos/aetherfield/platform/apple
    /Applications/Xcode.app/Contents/Developer/Toolchains/XcodeDefault.xctoolchain/usr/bin/clang -Xlinker -reproducible -target arm64-apple-ios26.0 -isysroot /Applications/Xcode.app/Contents/Developer/Platforms/iPhoneOS.platform/Developer/SDKs/iPhoneOS27.0.sdk -Os -Xlinker -no_warn_duplicate_libraries -L/Users/artbox/Library/Developer/Xcode/DerivedData/Aetherfield-bmpuuhknfhxszvalsxinbuvnsjlw/Build/Intermediates.noindex/EagerLinkingTBDs/Release-iphoneos -L/Users/artbox/Library/Developer/Xcode/DerivedData/Aetherfield-bmpuuhknfhxszvalsxinbuvnsjlw/Build/Products/Release-iphoneos -F/Users/artbox/Library/Developer/Xcode/DerivedData/Aetherfield-bmpuuhknfhxszvalsxinbuvnsjlw/Build/Intermediates.noindex/EagerLinkingTBDs/Release-iphoneos -F/Users/artbox/Library/Developer/Xcode/DerivedData/Aetherfield-bmpuuhknfhxszvalsxinbuvnsjlw/Build/Products/Release-iphoneos -filelist /Users/artbox/Library/Developer/Xcode/DerivedData/Aetherfield-bmpuuhknfhxszvalsxinbuvnsjlw/Build/Intermediates.noindex/Aetherfield.build/Release-iphoneos/AetherfieldHost.build/Objects-normal/arm64/AetherfieldHost.LinkFileList -Xlinker -rpath -Xlinker @executable_path/Frameworks -Xlinker -dead_strip -Xlinker -object_path_lto -Xlinker /Users/artbox/Library/Developer/Xcode/DerivedData/Aetherfield-bmpuuhknfhxszvalsxinbuvnsjlw/Build/Intermediates.noindex/Aetherfield.build/Release-iphoneos/AetherfieldHost.build/Objects-normal/arm64/AetherfieldHost_lto.o -Xlinker -dependency_info -Xlinker /Users/artbox/Library/Developer/Xcode/DerivedData/Aetherfield-bmpuuhknfhxszvalsxinbuvnsjlw/Build/Intermediates.noindex/Aetherfield.build/Release-iphoneos/AetherfieldHost.build/Objects-normal/arm64/AetherfieldHost_dependency_info.dat -fobjc-arc -fobjc-link-runtime -Xlinker -no_adhoc_codesign -o /Users/artbox/Library/Developer/Xcode/DerivedData/Aetherfield-bmpuuhknfhxszvalsxinbuvnsjlw/Build/Products/Release-iphoneos/AetherfieldHost.app/AetherfieldHost

Copy /Users/artbox/Library/Developer/Xcode/DerivedData/Aetherfield-bmpuuhknfhxszvalsxinbuvnsjlw/Build/Products/Release-iphoneos/AetherfieldHost.app/PlugIns/AetherfieldAUExtension.appex /Users/artbox/Library/Developer/Xcode/DerivedData/Aetherfield-bmpuuhknfhxszvalsxinbuvnsjlw/Build/Products/Release-iphoneos/AetherfieldAUExtension.appex (in target 'AetherfieldHost' from project 'Aetherfield')
    cd /Users/artbox/Documents/Repos/aetherfield/platform/apple
    builtin-copy -exclude .DS_Store -exclude CVS -exclude .svn -exclude .git -exclude .hg -exclude Headers -exclude PrivateHeaders -exclude Modules -exclude \*.tbd -resolve-src-symlinks -remove-static-executable /Users/artbox/Library/Developer/Xcode/DerivedData/Aetherfield-bmpuuhknfhxszvalsxinbuvnsjlw/Build/Products/Release-iphoneos/AetherfieldAUExtension.appex /Users/artbox/Library/Developer/Xcode/DerivedData/Aetherfield-bmpuuhknfhxszvalsxinbuvnsjlw/Build/Products/Release-iphoneos/AetherfieldHost.app/PlugIns

ProcessInfoPlistFile /Users/artbox/Library/Developer/Xcode/DerivedData/Aetherfield-bmpuuhknfhxszvalsxinbuvnsjlw/Build/Products/Release-iphoneos/AetherfieldHost.app/Info.plist /Users/artbox/Documents/Repos/aetherfield/platform/apple/AetherfieldHost/Info.plist (in target 'AetherfieldHost' from project 'Aetherfield')
    cd /Users/artbox/Documents/Repos/aetherfield/platform/apple
    builtin-infoPlistUtility /Users/artbox/Documents/Repos/aetherfield/platform/apple/AetherfieldHost/Info.plist -producttype com.apple.product-type.application -genpkginfo /Users/artbox/Library/Developer/Xcode/DerivedData/Aetherfield-bmpuuhknfhxszvalsxinbuvnsjlw/Build/Products/Release-iphoneos/AetherfieldHost.app/PkgInfo -expandbuildsettings -format binary -platform iphoneos -scanforprivacyfile /Users/artbox/Library/Developer/Xcode/DerivedData/Aetherfield-bmpuuhknfhxszvalsxinbuvnsjlw/Build/Products/Release-iphoneos/AetherfieldHost.app/PlugIns/AetherfieldAUExtension.appex -requiredArchitecture arm64 -o /Users/artbox/Library/Developer/Xcode/DerivedData/Aetherfield-bmpuuhknfhxszvalsxinbuvnsjlw/Build/Products/Release-iphoneos/AetherfieldHost.app/Info.plist

GenerateDSYMFile /Users/artbox/Library/Developer/Xcode/DerivedData/Aetherfield-bmpuuhknfhxszvalsxinbuvnsjlw/Build/Products/Release-iphoneos/AetherfieldHost.app.dSYM /Users/artbox/Library/Developer/Xcode/DerivedData/Aetherfield-bmpuuhknfhxszvalsxinbuvnsjlw/Build/Products/Release-iphoneos/AetherfieldHost.app/AetherfieldHost (in target 'AetherfieldHost' from project 'Aetherfield')
    cd /Users/artbox/Documents/Repos/aetherfield/platform/apple
    export PATH\=/Applications/Xcode.app/Contents/SharedFrameworks/SwiftBuild.framework/Versions/A/PlugIns/SWBBuildService.bundle/Contents/PlugIns/SWBUniversalPlatformPlugin.bundle/Contents/Frameworks/SWBUniversalPlatform.framework/Resources:/Applications/Xcode.app/Contents/Developer/Toolchains/XcodeDefault.xctoolchain/usr/bin:/Applications/Xcode.app/Contents/Developer/Toolchains/XcodeDefault.xctoolchain/usr/local/bin:/Applications/Xcode.app/Contents/Developer/Toolchains/XcodeDefault.xctoolchain/usr/libexec:/Applications/Xcode.app/Contents/Developer/Platforms/iPhoneOS.platform/usr/bin:/Applications/Xcode.app/Contents/Developer/Platforms/iPhoneOS.platform/usr/local/bin:/Applications/Xcode.app/Contents/Developer/Platforms/iPhoneOS.platform/Developer/usr/bin:/Applications/Xcode.app/Contents/Developer/Platforms/iPhoneOS.platform/Developer/usr/local/bin:/Applications/Xcode.app/Contents/Developer/usr/bin:/Applications/Xcode.app/Contents/Developer/usr/local/bin:/opt/homebrew/share/google-cloud-sdk/bin:/opt/homebrew/bin:/opt/homebrew/sbin:/usr/local/bin:/System/Cryptexes/App/usr/bin:/usr/bin:/bin:/usr/sbin:/sbin:/var/run/com.apple.security.cryptexd/codex.system/bootstrap/usr/local/bin:/var/run/com.apple.security.cryptexd/codex.system/bootstrap/usr/bin:/var/run/com.apple.security.cryptexd/codex.system/bootstrap/usr/appleinternal/bin:/pkg/env/global/bin:/Library/Apple/usr/bin:/Users/artbox/.local/bin:/Users/artbox/.lmstudio/bin:/Users/artbox/.claude/plugins/cache/claude-plugins-official/clangd-lsp/1.0.0/bin:/Users/artbox/.claude/plugins/cache/claude-plugins-official/frontend-design/unknown/bin:/Users/artbox/.claude/plugins/cache/claude-plugins-official/superpowers/5.0.7/bin:/Users/artbox/.claude/plugins/cache/claude-plugins-official/feature-dev/unknown/bin:/Users/artbox/.claude/plugins/cache/claude-plugins-official/typescript-lsp/1.0.0/bin:/Users/artbox/.claude/plugins/cache/claude-plugins-official/commit-commands/unknown/bin:/Users/artbox/.claude/plugins/cache/claude-plugins-official/pyright-lsp/1.0.0/bin:/Users/artbox/.claude/plugins/synced/59f767ce-58fa-4726-9bbe-7287dc429f52_4cb88d9e-1548-40bd-be7d-9ff999c04cd1/desktop-commander/bin:/Users/artbox/.claude/plugins/synced/59f767ce-58fa-4726-9bbe-7287dc429f52_4cb88d9e-1548-40bd-be7d-9ff999c04cd1/product-management\~g2/bin:/Users/artbox/.claude/plugins/synced/59f767ce-58fa-4726-9bbe-7287dc429f52_4cb88d9e-1548-40bd-be7d-9ff999c04cd1/pdf-viewer/bin:/Users/artbox/.claude/plugins/synced/59f767ce-58fa-4726-9bbe-7287dc429f52_4cb88d9e-1548-40bd-be7d-9ff999c04cd1/engineering\~g2/bin:/Users/artbox/.claude/plugins/synced/59f767ce-58fa-4726-9bbe-7287dc429f52_4cb88d9e-1548-40bd-be7d-9ff999c04cd1/design\~g2/bin:/Users/artbox/.claude/plugins/synced/59f767ce-58fa-4726-9bbe-7287dc429f52_4cb88d9e-1548-40bd-be7d-9ff999c04cd1/product-tracking-skills/bin:/Users/artbox/.claude/plugins/synced/59f767ce-58fa-4726-9bbe-7287dc429f52_4cb88d9e-1548-40bd-be7d-9ff999c04cd1/cowork-plugin-management/bin
    /Applications/Xcode.app/Contents/Developer/Toolchains/XcodeDefault.xctoolchain/usr/bin/dsymutil /Users/artbox/Library/Developer/Xcode/DerivedData/Aetherfield-bmpuuhknfhxszvalsxinbuvnsjlw/Build/Products/Release-iphoneos/AetherfieldHost.app/AetherfieldHost -o /Users/artbox/Library/Developer/Xcode/DerivedData/Aetherfield-bmpuuhknfhxszvalsxinbuvnsjlw/Build/Products/Release-iphoneos/AetherfieldHost.app.dSYM

CodeSign /Users/artbox/Library/Developer/Xcode/DerivedData/Aetherfield-bmpuuhknfhxszvalsxinbuvnsjlw/Build/Products/Release-iphoneos/AetherfieldHost.app (in target 'AetherfieldHost' from project 'Aetherfield')
    cd /Users/artbox/Documents/Repos/aetherfield/platform/apple
    
    Signing Identity:     "Apple Development: joshband@gmail.com (Q8RAXYZQK4)"
    Provisioning Profile: "iOS Team Provisioning Profile: com.aetherfield.placeholder.AetherfieldHost"
                          (20d27be8-13cb-4997-9da4-ca0015208434)
    
    /usr/bin/codesign --force --sign 627E3654EFB5CD119AA064491B4E60A7F157C6D4 --entitlements /Users/artbox/Library/Developer/Xcode/DerivedData/Aetherfield-bmpuuhknfhxszvalsxinbuvnsjlw/Build/Intermediates.noindex/Aetherfield.build/Release-iphoneos/AetherfieldHost.build/AetherfieldHost.app.xcent --timestamp\=none --generate-entitlement-der /Users/artbox/Library/Developer/Xcode/DerivedData/Aetherfield-bmpuuhknfhxszvalsxinbuvnsjlw/Build/Products/Release-iphoneos/AetherfieldHost.app

ValidateEmbeddedBinary /Users/artbox/Library/Developer/Xcode/DerivedData/Aetherfield-bmpuuhknfhxszvalsxinbuvnsjlw/Build/Products/Release-iphoneos/AetherfieldHost.app/PlugIns/AetherfieldAUExtension.appex (in target 'AetherfieldHost' from project 'Aetherfield')
    cd /Users/artbox/Documents/Repos/aetherfield/platform/apple
    /Applications/Xcode.app/Contents/Developer/usr/bin/embeddedBinaryValidationUtility /Users/artbox/Library/Developer/Xcode/DerivedData/Aetherfield-bmpuuhknfhxszvalsxinbuvnsjlw/Build/Products/Release-iphoneos/AetherfieldHost.app/PlugIns/AetherfieldAUExtension.appex -signing-cert 627E3654EFB5CD119AA064491B4E60A7F157C6D4 -info-plist-path /Users/artbox/Library/Developer/Xcode/DerivedData/Aetherfield-bmpuuhknfhxszvalsxinbuvnsjlw/Build/Products/Release-iphoneos/AetherfieldHost.app/Info.plist

RegisterExecutionPolicyException /Users/artbox/Library/Developer/Xcode/DerivedData/Aetherfield-bmpuuhknfhxszvalsxinbuvnsjlw/Build/Products/Release-iphoneos/AetherfieldHost.app (in target 'AetherfieldHost' from project 'Aetherfield')
    cd /Users/artbox/Documents/Repos/aetherfield/platform/apple
    builtin-RegisterExecutionPolicyException /Users/artbox/Library/Developer/Xcode/DerivedData/Aetherfield-bmpuuhknfhxszvalsxinbuvnsjlw/Build/Products/Release-iphoneos/AetherfieldHost.app

Validate /Users/artbox/Library/Developer/Xcode/DerivedData/Aetherfield-bmpuuhknfhxszvalsxinbuvnsjlw/Build/Products/Release-iphoneos/AetherfieldHost.app (in target 'AetherfieldHost' from project 'Aetherfield')
    cd /Users/artbox/Documents/Repos/aetherfield/platform/apple
    builtin-validationUtility /Users/artbox/Library/Developer/Xcode/DerivedData/Aetherfield-bmpuuhknfhxszvalsxinbuvnsjlw/Build/Products/Release-iphoneos/AetherfieldHost.app -shallow-bundle -infoplist-subpath Info.plist

Touch /Users/artbox/Library/Developer/Xcode/DerivedData/Aetherfield-bmpuuhknfhxszvalsxinbuvnsjlw/Build/Products/Release-iphoneos/AetherfieldHost.app (in target 'AetherfieldHost' from project 'Aetherfield')
    cd /Users/artbox/Documents/Repos/aetherfield/platform/apple
    /usr/bin/touch -c /Users/artbox/Library/Developer/Xcode/DerivedData/Aetherfield-bmpuuhknfhxszvalsxinbuvnsjlw/Build/Products/Release-iphoneos/AetherfieldHost.app

PruneExplicitPrecompiledModules /Users/artbox/Library/Developer/Xcode/DerivedData/Aetherfield-bmpuuhknfhxszvalsxinbuvnsjlw/Build/Intermediates.noindex/SwiftExplicitPrecompiledModules

PruneExplicitPrecompiledModules /Users/artbox/Library/Developer/Xcode/DerivedData/SDKExplicitPrecompiledModules

PruneExplicitPrecompiledModules /Users/artbox/Library/Developer/Xcode/DerivedData/Aetherfield-bmpuuhknfhxszvalsxinbuvnsjlw/Build/Intermediates.noindex/ExplicitPrecompiledModules

** BUILD SUCCEEDED **

